상점_ID,상점명,관심상점_여부,분석_오더_건수,조기도착_건수,조기도착_비중_%,지각도착_건수,지각도착_비중_%,요청대비_도착차이_평균_분,조기_요청대비_픽업차이_평균_분,조기_도착후_대기_평균_분,지각_요청대비_픽업차이_평균_분,지각_도착후_대기_평균_분,타상점50건_조기도착_비중_%,타상점50건_지각도착_비중_%,타상점50건_요청대비_도착차이_평균_분,타상점50건_조기_요청대비_픽업차이_평균_분,타상점50건_조기_도착후_대기_평균_분,타상점50건_지각_요청대비_픽업차이_평균_분,타상점50건_지각_도착후_대기_평균_분,조기도착_비중_타상점대비_차이_pp,지각도착_비중_타상점대비_차이_pp,요청대비_도착차이_타상점대비_차이_분,조기_요청대비_픽업차이_타상점대비_차이_분,조기_대기_타상점대비_차이_분,지각_요청대비_픽업차이_타상점대비_차이_분,지각_대기_타상점대비_차이_분
261922,[직영A] 교촌치킨 시립대점★정문X우측픽업★,Y,542,407,75.09,135,24.91,-4.68,-2.05,6.05,6.5,0.88,69.07,30.93,-2.42,-4.01,2.86,8.27,0.75,6.02,-6.02,-2.26,1.96,3.19,-1.77,0.13
165068,요기요OD_(btf) 동대문 zone 1/동대문,N,7398,4815,65.09,2583,34.91,-2.03,-3.96,2.96,7.74,0.67,69.07,30.93,-2.42,-4.01,2.86,8.27,0.75,-3.98,3.98,0.39,0.05,0.1,-0.53,-0.08
262583,[직영A] 동대문엽기떡볶이 신설동점,N,698,397,56.88,301,43.12,1.2,-2.38,3.35,11.37,1.02,69.07,30.93,-2.42,-4.01,2.86,8.27,0.75,-12.19,12.19,3.62,1.63,0.49,3.1,0.27
264782,버거킹 동대문중학교사거리점,N,616,494,80.19,122,19.81,-3.61,-4.76,1.42,7.58,0.8,69.07,30.93,-2.42,-4.01,2.86,8.27,0.75,11.12,-11.12,-1.19,-0.75,-1.44,-0.69,0.05
264499,[직영A]교촌치킨 경희대점,N,564,448,79.43,116,20.57,-5.13,-3.11,5.19,7.85,0.74,69.07,30.93,-2.42,-4.01,2.86,8.27,0.75,10.36,-10.36,-2.71,0.9,2.33,-0.42,-0.01
262721,스타벅스 장안사거리,N,539,458,84.97,81,15.03,-5.64,-6.07,1.54,5.99,0.51,69.07,30.93,-2.42,-4.01,2.86,8.27,0.75,15.9,-15.9,-3.22,-2.06,-1.32,-2.28,-0.24
165956,요기요OD_단건_(btf) 동대문 zone 1/동대문,N,388,205,52.84,183,47.16,1.4,-2.96,3.04,10.71,1.03,69.07,30.93,-2.42,-4.01,2.86,8.27,0.75,-16.23,16.23,3.82,1.05,0.18,2.44,0.28
262723,스타벅스 장한평역,N,344,264,76.74,80,23.26,-3.89,-5.44,1.51,6.78,0.58,69.07,30.93,-2.42,-4.01,2.86,8.27,0.75,7.67,-7.67,-1.47,-1.43,-1.35,-1.49,-0.17
48896,이문)맥도날드 외대점,N,327,267,81.65,60,18.35,-4.66,-6.0,1.08,6.66,0.53,69.07,30.93,-2.42,-4.01,2.86,8.27,0.75,12.58,-12.58,-2.24,-1.99,-1.78,-1.61,-0.22
262726,스타벅스 사이버한국외대,N,327,259,79.2,68,20.8,-4.72,-6.03,1.38,5.91,0.39,69.07,30.93,-2.42,-4.01,2.86,8.27,0.75,10.13,-10.13,-2.3,-2.02,-1.48,-2.36,-0.36
262722,스타벅스 회기역사거리,N,320,262,81.88,58,18.12,-4.51,-5.29,1.85,7.76,0.39,69.07,30.93,-2.42,-4.01,2.86,8.27,0.75,12.81,-12.81,-2.09,-1.28,-1.01,-0.51,-0.36
265117,[직영A] 도미노피자 장안점,N,319,240,75.24,79,24.76,-2.8,-3.5,2.26,7.21,1.02,69.07,30.93,-2.42,-4.01,2.86,8.27,0.75,6.17,-6.17,-0.38,0.51,-0.6,-1.06,0.27
262725,스타벅스 답십리역,N,279,216,77.42,63,22.58,-3.64,-5.28,1.03,5.89,0.37,69.07,30.93,-2.42,-4.01,2.86,8.27,0.75,8.35,-8.35,-1.22,-1.27,-1.83,-2.38,-0.38
263436,[직영A] 파파존스 장안점,N,279,207,74.19,72,25.81,-2.95,-2.82,3.3,6.88,0.73,69.07,30.93,-2.42,-4.01,2.86,8.27,0.75,5.12,-5.12,-0.53,1.19,0.44,-1.39,-0.02
263520,버거킹 동대문구청점,N,246,169,68.7,77,31.3,-1.56,-3.7,2.02,8.89,1.3,69.07,30.93,-2.42,-4.01,2.86,8.27,0.75,-0.37,0.37,0.86,0.31,-0.84,0.62,0.55
264236,[직영A]BHC치킨 휘경점,N,246,137,55.69,109,44.31,0.28,-1.34,4.76,9.58,1.28,69.07,30.93,-2.42,-4.01,2.86,8.27,0.75,-13.38,13.38,2.7,2.67,1.9,1.31,0.53
263881,GS더프레시 동대문장안점,N,235,174,74.04,61,25.96,-2.63,-5.34,1.29,10.14,1.35,69.07,30.93,-2.42,-4.01,2.86,8.27,0.75,4.97,-4.97,-0.21,-1.33,-1.57,1.87,0.6
262724,스타벅스 답십리초교사거리,N,204,167,81.86,37,18.14,-4.09,-4.6,1.65,6.09,0.46,69.07,30.93,-2.42,-4.01,2.86,8.27,0.75,12.79,-12.79,-1.67,-0.59,-1.21,-2.18,-0.29
30117,◇올리브영 경희대점,N,193,162,83.94,31,16.06,-7.4,-9.63,0.55,7.57,0.45,69.07,30.93,-2.42,-4.01,2.86,8.27,0.75,14.87,-14.87,-4.98,-5.62,-2.31,-0.7,-0.3
261815,[직영A] 맘스터치 BEEF 동대문장안점,N,193,109,56.48,84,43.52,0.32,-3.41,1.89,8.16,0.56,69.07,30.93,-2.42,-4.01,2.86,8.27,0.75,-12.59,12.59,2.74,0.6,-0.97,-0.11,-0.19
218253,올리브영 청량리중앙점,N,173,127,73.41,46,26.59,-4.12,-7.66,0.77,8.41,0.65,69.07,30.93,-2.42,-4.01,2.86,8.27,0.75,4.34,-4.34,-1.7,-3.65,-2.09,0.14,-0.1
262100,[직영A] 호식이두마리치킨 답십리점,N,167,99,59.28,68,40.72,1.21,-2.55,2.83,11.38,0.58,69.07,30.93,-2.42,-4.01,2.86,8.27,0.75,-9.79,9.79,3.63,1.46,-0.03,3.11,-0.17
265106,[직영A] 도미노피자 전농점,N,151,96,63.58,55,36.42,-0.45,-3.44,1.85,8.97,0.97,69.07,30.93,-2.42,-4.01,2.86,8.27,0.75,-5.49,5.49,1.97,0.57,-1.01,0.7,0.22
264350,[직영A] 지어앤,N,148,121,81.76,27,18.24,-4.09,-3.75,2.59,6.8,0.8,69.07,30.93,-2.42,-4.01,2.86,8.27,0.75,12.69,-12.69,-1.67,0.26,-0.27,-1.47,0.05
30122,올리브영 장안동사거리점,N,145,114,78.62,31,21.38,-5.83,-8.34,0.55,5.8,0.37,69.07,30.93,-2.42,-4.01,2.86,8.27,0.75,9.55,-9.55,-3.41,-4.33,-2.31,-2.47,-0.38
103707,회기)스타벅스 경희대삼거리,N,145,119,82.07,26,17.93,-5.01,-6.08,1.32,6.67,0.74,69.07,30.93,-2.42,-4.01,2.86,8.27,0.75,13.0,-13.0,-2.59,-2.07,-1.54,-1.6,-0.01
78862,◇올리브영 회기중앙점,N,123,106,86.18,17,13.82,-7.1,-8.89,0.8,9.46,0.47,69.07,30.93,-2.42,-4.01,2.86,8.27,0.75,17.11,-17.11,-4.68,-4.88,-2.06,1.19,-0.28
263784,[직영A] 교촌치킨 청량리역점,N,118,87,73.73,31,26.27,-3.84,49.5,57.48,8.47,0.69,69.07,30.93,-2.42,-4.01,2.86,8.27,0.75,4.66,-4.66,-1.42,53.51,54.62,0.2,-0.06
115965,배스킨라빈스 전농동아점,N,111,80,72.07,31,27.93,-1.84,-4.69,1.06,8.78,0.5,69.07,30.93,-2.42,-4.01,2.86,8.27,0.75,3.0,-3.0,0.58,-0.68,-1.8,0.51,-0.25
261921,[직영A] 탕화쿵푸마라탕 전농점,N,109,85,77.98,24,22.02,-3.44,-4.35,1.37,5.99,1.35,69.07,30.93,-2.42,-4.01,2.86,8.27,0.75,8.91,-8.91,-1.02,-0.34,-1.49,-2.28,0.6
263454,[직영A] 굽네치킨 이문2호점,N,102,70,68.63,32,31.37,-2.02,-0.64,5.79,8.2,0.58,69.07,30.93,-2.42,-4.01,2.86,8.27,0.75,-0.44,0.44,0.4,3.37,2.93,-0.07,-0.17
261896,[직영A] 가장맛있는족발 경희대점,N,97,68,70.1,29,29.9,-0.57,-2.67,2.61,10.93,0.44,69.07,30.93,-2.42,-4.01,2.86,8.27,0.75,1.03,-1.03,1.85,1.34,-0.25,2.66,-0.31
263939,이마트에브리데이 이문점,N,97,13,13.4,84,86.6,6.36,1.79,3.7,9.72,2.08,69.07,30.93,-2.42,-4.01,2.86,8.27,0.75,-55.67,55.67,8.78,5.8,0.84,1.45,1.33
245458,이문)GS더프레시 이문라그란데점,N,88,70,79.55,18,20.45,-3.45,-5.58,1.36,11.38,1.23,69.07,30.93,-2.42,-4.01,2.86,8.27,0.75,10.48,-10.48,-1.03,-1.57,-1.5,3.11,0.48
102612,올리브영 휘경동점,N,82,71,86.59,11,13.41,-7.02,-8.25,0.56,4.82,0.29,69.07,30.93,-2.42,-4.01,2.86,8.27,0.75,17.52,-17.52,-4.6,-4.24,-2.3,-3.45,-0.46
261879,[직영A] 롯데리아 경희대점,N,78,65,83.33,13,16.67,-5.38,-5.51,1.99,5.82,0.62,69.07,30.93,-2.42,-4.01,2.86,8.27,0.75,14.26,-14.26,-2.96,-1.5,-0.87,-2.45,-0.13
218261,[유휴]올리브영 청량리중앙점,N,77,54,70.13,23,29.87,-2.73,-7.37,0.77,10.58,0.58,69.07,30.93,-2.42,-4.01,2.86,8.27,0.75,1.06,-1.06,-0.31,-3.36,-2.09,2.31,-0.17
263883,GS더프레시 장안한내점,N,77,64,83.12,13,16.88,-5.56,-7.36,0.62,7.76,1.37,69.07,30.93,-2.42,-4.01,2.86,8.27,0.75,14.05,-14.05,-3.14,-3.35,-2.24,-0.51,0.62
261916,[직영A] 푸라닭 장안1호점,N,76,33,43.42,43,56.58,2.02,-1.23,3.26,7.81,0.8,69.07,30.93,-2.42,-4.01,2.86,8.27,0.75,-25.65,25.65,4.44,2.78,0.4,-0.46,0.05
264220,[직영A] 굽네치킨 답십리1호점,N,74,44,59.46,30,40.54,1.04,-1.18,3.27,9.99,0.9,69.07,30.93,-2.42,-4.01,2.86,8.27,0.75,-9.61,9.61,3.46,2.83,0.41,1.72,0.15
262090,[직영A] 맘스터치 휘경여고점,N,73,42,57.53,31,42.47,2.48,-2.63,0.76,11.25,0.81,69.07,30.93,-2.42,-4.01,2.86,8.27,0.75,-11.54,11.54,4.9,1.38,-2.1,2.98,0.06
262720,스타벅스 경희대,N,68,58,85.29,10,14.71,-5.16,-5.47,1.4,5.08,0.32,69.07,30.93,-2.42,-4.01,2.86,8.27,0.75,16.22,-16.22,-2.74,-1.46,-1.46,-3.19,-0.43
261842,[직영A]오늘도김볶만 회기점,N,62,38,61.29,24,38.71,1.21,-3.46,1.15,11.32,0.89,69.07,30.93,-2.42,-4.01,2.86,8.27,0.75,-7.78,7.78,3.63,0.55,-1.71,3.05,0.14
263892,GS더프레시 이문파크자이점,N,58,40,68.97,18,31.03,-2.27,-4.77,0.76,5.94,0.98,69.07,30.93,-2.42,-4.01,2.86,8.27,0.75,-0.1,0.1,0.15,-0.76,-2.1,-2.33,0.23
264581,[직영A] 교촌치킨 답십리1호점,N,58,33,56.9,25,43.1,0.12,-4.23,2.36,9.62,0.64,69.07,30.93,-2.42,-4.01,2.86,8.27,0.75,-12.17,12.17,2.54,-0.22,-0.5,1.35,-0.11
54148,◇[유휴]올리브영 경희대점,N,57,42,73.68,15,26.32,-3.79,-7.75,0.49,9.11,0.45,69.07,30.93,-2.42,-4.01,2.86,8.27,0.75,4.61,-4.61,-1.37,-3.74,-2.37,0.84,-0.3
102609,올리브영 서울시립대점,N,57,46,80.7,11,19.3,-6.61,-8.99,0.5,5.83,0.41,69.07,30.93,-2.42,-4.01,2.86,8.27,0.75,11.63,-11.63,-4.19,-4.98,-2.36,-2.44,-0.34
261818,[직영A] 보울리쉬 포케&샐러드 청량리점,N,57,47,82.46,10,17.54,-4.0,-4.51,2.01,8.65,0.79,69.07,30.93,-2.42,-4.01,2.86,8.27,0.75,13.39,-13.39,-1.58,-0.5,-0.85,0.38,0.04
263552,[직영A]도야족발보쌈 장안점,N,57,22,38.6,35,61.4,5.71,-4.43,1.66,13.71,0.59,69.07,30.93,-2.42,-4.01,2.86,8.27,0.75,-30.47,30.47,8.13,-0.42,-1.2,5.44,-0.16
261811,[직영A] 진교동찜닭 제기동점,N,56,34,60.71,22,39.29,0.24,-1.63,4.15,9.94,0.39,69.07,30.93,-2.42,-4.01,2.86,8.27,0.75,-8.36,8.36,2.66,2.38,1.29,1.67,-0.36
54143,[유휴]올리브영 장안동사거리점,N,54,40,74.07,14,25.93,-3.33,-7.66,0.35,10.96,0.94,69.07,30.93,-2.42,-4.01,2.86,8.27,0.75,5.0,-5.0,-0.91,-3.65,-2.51,2.69,0.19
261772,[직영A] 육연식당,N,51,25,49.02,26,50.98,3.81,-4.49,0.58,13.1,0.75,69.07,30.93,-2.42,-4.01,2.86,8.27,0.75,-20.05,20.05,6.23,-0.48,-2.28,4.83,0.0
101306,GS25 전농사거리점,N,50,39,78.0,11,22.0,-4.03,-5.38,1.25,6.57,1.35,69.07,30.93,-2.42,-4.01,2.86,8.27,0.75,8.93,-8.93,-1.61,-1.37,-1.61,-1.7,0.6
264351,[직영A]이삭토스트 장안현대점,N,46,29,63.04,17,36.96,-1.2,-4.26,1.76,7.48,0.48,69.07,30.93,-2.42,-4.01,2.86,8.27,0.75,-6.03,6.03,1.22,-0.25,-1.1,-0.79,-0.27
262096,[직영A] 매콤화담쭈꾸미,N,45,22,48.89,23,51.11,3.15,-1.95,4.09,13.54,1.61,69.07,30.93,-2.42,-4.01,2.86,8.27,0.75,-20.18,20.18,5.57,2.06,1.23,5.27,0.86
78872,◇[유휴]올리브영 회기중앙점,N,44,36,81.82,8,18.18,-3.39,-7.1,0.68,16.82,0.43,69.07,30.93,-2.42,-4.01,2.86,8.27,0.75,12.75,-12.75,-0.97,-3.09,-2.18,8.55,-0.32
265611,[직영A]처갓집양념치킨 답십리점,N,43,30,69.77,13,30.23,-1.92,-4.12,1.45,7.45,0.94,69.07,30.93,-2.42,-4.01,2.86,8.27,0.75,0.7,-0.7,0.5,-0.11,-1.41,-0.82,0.19
56158,GS25 장안행복점,N,41,34,82.93,7,17.07,-5.64,-6.59,0.7,3.13,0.75,69.07,30.93,-2.42,-4.01,2.86,8.27,0.75,13.86,-13.86,-3.22,-2.58,-2.16,-5.14,0.0
30121,(창)올리브영 신설동역점,N,40,22,55.0,18,45.0,-0.35,-7.8,0.65,10.05,0.5,69.07,30.93,-2.42,-4.01,2.86,8.27,0.75,-14.07,14.07,2.07,-3.79,-2.21,1.78,-0.25
262059,[직영A] 59쌀피자 안암오거리점,N,40,22,55.0,18,45.0,4.01,-1.65,3.69,16.04,0.61,69.07,30.93,-2.42,-4.01,2.86,8.27,0.75,-14.07,14.07,6.43,2.36,0.83,7.77,-0.14
263787,[직영A] 본죽&비빔밥 제기동역점,N,38,23,60.53,15,39.47,-1.45,-5.76,0.72,7.27,1.0,69.07,30.93,-2.42,-4.01,2.86,8.27,0.75,-8.54,8.54,0.97,-1.75,-2.14,-1.0,0.25
264031,[직영A] 스시화 동대문점,N,36,26,72.22,10,27.78,-3.63,-4.41,2.56,9.92,4.88,69.07,30.93,-2.42,-4.01,2.86,8.27,0.75,3.15,-3.15,-1.21,-0.4,-0.3,1.65,4.13
265969,[직영A]비비큐 장한평역점,N,36,26,72.22,10,27.78,-0.78,-0.47,4.82,11.16,0.2,69.07,30.93,-2.42,-4.01,2.86,8.27,0.75,3.15,-3.15,1.64,3.54,1.96,2.89,-0.55
263858,[직영A] 청량집,N,35,28,80.0,7,20.0,-1.76,-2.68,2.11,10.61,0.24,69.07,30.93,-2.42,-4.01,2.86,8.27,0.75,10.93,-10.93,0.66,1.33,-0.75,2.34,-0.51
261882,[직영A] 노모어피자 경희대점,N,34,25,73.53,9,26.47,-3.24,-2.4,4.23,6.9,0.7,69.07,30.93,-2.42,-4.01,2.86,8.27,0.75,4.46,-4.46,-0.82,1.61,1.37,-1.37,-0.05
102778,[유휴]올리브영 휘경동점,N,32,20,62.5,12,37.5,-2.76,-7.95,0.31,7.12,0.72,69.07,30.93,-2.42,-4.01,2.86,8.27,0.75,-6.57,6.57,-0.34,-3.94,-2.55,-1.15,-0.03
263745,[직영A] 케이비빔밥 동대문점,N,32,19,59.38,13,40.62,1.64,-4.75,1.92,14.19,0.41,69.07,30.93,-2.42,-4.01,2.86,8.27,0.75,-9.69,9.69,4.06,-0.74,-0.94,5.92,-0.34
264013,[직영A] 토핑몬스터피자 제기동점,N,32,12,37.5,20,62.5,6.66,-1.86,1.68,13.94,1.16,69.07,30.93,-2.42,-4.01,2.86,8.27,0.75,-31.57,31.57,9.08,2.15,-1.18,5.67,0.41
261812,[직영A] 교촌치킨 장안2호점,N,31,23,74.19,8,25.81,-2.67,-3.29,5.87,16.29,0.31,69.07,30.93,-2.42,-4.01,2.86,8.27,0.75,5.12,-5.12,-0.25,0.72,3.01,8.02,-0.44
262056,[직영A] 겨울빙수,N,31,20,64.52,11,35.48,-1.14,-4.95,1.72,9.99,1.06,69.07,30.93,-2.42,-4.01,2.86,8.27,0.75,-4.55,4.55,1.28,-0.94,-1.14,1.72,0.31
262093,[직영A] 써브웨이 외대점,N,30,23,76.67,7,23.33,-2.91,-4.36,0.78,4.84,0.42,69.07,30.93,-2.42,-4.01,2.86,8.27,0.75,7.6,-7.6,-0.49,-0.35,-2.08,-3.43,-0.33
262103,[직영A] 풍국면 장안점,N,30,17,56.67,13,43.33,0.41,-1.45,5.16,10.76,1.17,69.07,30.93,-2.42,-4.01,2.86,8.27,0.75,-12.4,12.4,2.83,2.56,2.3,2.49,0.42
265203,[직영A] 잇라이트 샐러드&포케 장안점,N,30,8,26.67,22,73.33,5.23,-1.99,1.47,9.34,0.95,69.07,30.93,-2.42,-4.01,2.86,8.27,0.75,-42.4,42.4,7.65,2.02,-1.39,1.07,0.2
104871,뚜레쥬르 장안교점,N,29,25,86.21,4,13.79,-6.27,-6.75,1.46,6.44,0.62,69.07,30.93,-2.42,-4.01,2.86,8.27,0.75,17.14,-17.14,-3.85,-2.74,-1.4,-1.83,-0.13
265133,[직영A] 요거트가족 경희대점,N,27,21,77.78,6,22.22,-2.99,-3.94,1.7,6.79,0.49,69.07,30.93,-2.42,-4.01,2.86,8.27,0.75,8.71,-8.71,-0.57,0.07,-1.16,-1.48,-0.26
261813,[직영A] 후라이드 참 잘하는집 장안점,N,26,19,73.08,7,26.92,-3.03,-2.96,2.32,3.53,0.45,69.07,30.93,-2.42,-4.01,2.86,8.27,0.75,4.01,-4.01,-0.61,1.05,-0.54,-4.74,-0.3
261904,[직영A] 카쿠레야,N,26,15,57.69,11,42.31,1.5,-1.95,5.85,15.2,1.03,69.07,30.93,-2.42,-4.01,2.86,8.27,0.75,-11.38,11.38,3.92,2.06,2.99,6.93,0.28
265704,GS25 경희의대점,N,26,20,76.92,6,23.08,-2.54,-4.86,1.1,9.26,0.41,69.07,30.93,-2.42,-4.01,2.86,8.27,0.75,7.85,-7.85,-0.12,-0.85,-1.76,0.99,-0.34
261873,[직영A]동대문엽기떡볶이 전농사거리점,N,25,20,80.0,5,20.0,-4.5,-4.35,3.05,7.55,0.45,69.07,30.93,-2.42,-4.01,2.86,8.27,0.75,10.93,-10.93,-2.08,-0.34,0.19,-0.72,-0.3
263788,[직영A] 맘스터치 답십리점,N,25,17,68.0,8,32.0,-1.17,-5.32,1.03,10.61,0.76,69.07,30.93,-2.42,-4.01,2.86,8.27,0.75,-1.07,1.07,1.25,-1.31,-1.83,2.34,0.01
36616,CU 전농으뜸점,N,24,15,62.5,9,37.5,-1.95,-5.06,0.76,4.93,0.44,69.07,30.93,-2.42,-4.01,2.86,8.27,0.75,-6.57,6.57,0.47,-1.05,-2.1,-3.34,-0.31
263770,[직영A] 자담치킨 서울장안점,N,24,16,66.67,8,33.33,3.13,-4.37,0.95,21.25,1.23,69.07,30.93,-2.42,-4.01,2.86,8.27,0.75,-2.4,2.4,5.55,-0.36,-1.91,12.98,0.48
264954,[직영A]주니아 장안점,N,24,14,58.33,10,41.67,0.28,-2.8,1.97,7.68,0.33,69.07,30.93,-2.42,-4.01,2.86,8.27,0.75,-10.74,10.74,2.7,1.21,-0.89,-0.59,-0.42
261901,[직영A] 요거트월드 외대역점,N,23,9,39.13,14,60.87,1.22,-2.99,0.59,5.12,0.82,69.07,30.93,-2.42,-4.01,2.86,8.27,0.75,-29.94,29.94,3.64,1.02,-2.27,-3.15,0.07
263678,CU 답십리자이점,N,23,17,73.91,6,26.09,-1.23,-4.65,1.57,13.55,0.65,69.07,30.93,-2.42,-4.01,2.86,8.27,0.75,4.84,-4.84,1.19,-0.64,-1.29,5.28,-0.1
102775,[유휴]올리브영 서울시립대점,N,22,19,86.36,3,13.64,-5.38,-7.66,0.63,14.01,0.93,69.07,30.93,-2.42,-4.01,2.86,8.27,0.75,17.29,-17.29,-2.96,-3.65,-2.23,5.74,0.18
261816,[직영A] 김가네 장안점,N,22,13,59.09,9,40.91,-0.99,-4.84,2.59,9.0,0.69,69.07,30.93,-2.42,-4.01,2.86,8.27,0.75,-9.98,9.98,1.43,-0.83,-0.27,0.73,-0.06
262057,[직영A] 피자브라더스,N,22,16,72.73,6,27.27,0.51,-2.86,2.56,17.99,1.65,69.07,30.93,-2.42,-4.01,2.86,8.27,0.75,3.66,-3.66,2.93,1.15,-0.3,9.72,0.9
263823,[직영A] 삼보닭꼬치,N,22,11,50.0,11,50.0,0.97,-3.47,1.56,7.33,0.35,69.07,30.93,-2.42,-4.01,2.86,8.27,0.75,-19.07,19.07,3.39,0.54,-1.3,-0.94,-0.4
265202,[직영A] 도넛팩토리 경희의료원점,N,22,12,54.55,10,45.45,1.25,-3.78,2.16,10.2,0.32,69.07,30.93,-2.42,-4.01,2.86,8.27,0.75,-14.52,14.52,3.67,0.23,-0.7,1.93,-0.43
181732,(선택)배스킨라빈스 전농점,N,21,12,57.14,9,42.86,-0.2,-3.93,2.52,9.87,1.75,69.07,30.93,-2.42,-4.01,2.86,8.27,0.75,-11.93,11.93,2.22,0.08,-0.34,1.6,1.0
263716,[직영A] 엠브로 돈까스 답십리점,N,21,13,61.9,8,38.1,-2.03,-6.07,0.4,5.79,0.59,69.07,30.93,-2.42,-4.01,2.86,8.27,0.75,-7.17,7.17,0.39,-2.06,-2.46,-2.48,-0.16
261758,[직영A] 배떡 청량리점,N,20,18,90.0,2,10.0,-3.68,-2.77,2.55,11.26,0.24,69.07,30.93,-2.42,-4.01,2.86,8.27,0.75,20.93,-20.93,-1.26,1.24,-0.31,2.99,-0.51
264311,GS25 고려대역점,N,20,13,65.0,7,35.0,0.42,-4.59,0.45,11.14,0.58,69.07,30.93,-2.42,-4.01,2.86,8.27,0.75,-4.07,4.07,2.84,-0.58,-2.41,2.87,-0.17
265027,[직영A] 패트릭스와플 회기점,N,19,13,68.42,6,31.58,-3.12,-3.51,3.43,6.07,0.93,69.07,30.93,-2.42,-4.01,2.86,8.27,0.75,-0.65,0.65,-0.7,0.5,0.57,-2.2,0.18
262905,CU 제기리더스캐슬점,N,18,10,55.56,8,44.44,-1.07,-5.7,0.54,6.13,0.74,69.07,30.93,-2.42,-4.01,2.86,8.27,0.75,-13.51,13.51,1.35,-1.69,-2.32,-2.14,-0.01
264028,[직영A] 따께리아 라비다,N,18,10,55.56,8,44.44,-0.43,-5.64,0.68,8.37,1.42,69.07,30.93,-2.42,-4.01,2.86,8.27,0.75,-13.51,13.51,1.99,-1.63,-2.18,0.1,0.67
54144,(창)[유휴]올리브영 신설동역점,N,17,12,70.59,5,29.41,-2.06,-4.73,3.17,23.51,11.55,69.07,30.93,-2.42,-4.01,2.86,8.27,0.75,1.52,-1.52,0.36,-0.72,0.31,15.24,10.8
262138,[직영A] 써브웨이 경희대점,N,17,11,64.71,6,35.29,-2.84,-6.5,3.43,10.56,0.39,69.07,30.93,-2.42,-4.01,2.86,8.27,0.75,-4.36,4.36,-0.42,-2.49,0.57,2.29,-0.36
265093,[직영A] 메모아르,N,17,15,88.24,2,11.76,-4.21,-5.68,1.05,15.12,0.46,69.07,30.93,-2.42,-4.01,2.86,8.27,0.75,19.17,-19.17,-1.79,-1.67,-1.81,6.85,-0.29
266203,[직영A]두찜 동대문답십리점,N,17,13,76.47,4,23.53,-2.66,-3.59,2.69,11.14,2.04,69.07,30.93,-2.42,-4.01,2.86,8.27,0.75,7.4,-7.4,-0.24,0.42,-0.17,2.87,1.29
263216,CU 휘경SK뷰점,N,16,12,75.0,4,25.0,-3.45,-5.39,0.19,3.48,0.53,69.07,30.93,-2.42,-4.01,2.86,8.27,0.75,5.93,-5.93,-1.03,-1.38,-2.67,-4.79,-0.22
265097,[직영A] 올데이파스타 장안점,N,16,5,31.25,11,68.75,2.26,-5.89,1.5,7.35,0.7,69.07,30.93,-2.42,-4.01,2.86,8.27,0.75,-37.82,37.82,4.68,-1.88,-1.36,-0.92,-0.05
198023,GS25 청량리역점,N,15,7,46.67,8,53.33,1.32,-2.47,2.68,7.54,0.55,69.07,30.93,-2.42,-4.01,2.86,8.27,0.75,-22.4,22.4,3.74,1.54,-0.18,-0.73,-0.2
261903,[직영A] 번패티번 외대점,N,15,14,93.33,1,6.67,-7.27,-7.0,1.28,7.28,0.37,69.07,30.93,-2.42,-4.01,2.86,8.27,0.75,24.26,-24.26,-4.85,-2.99,-1.58,-0.99,-0.38
265742,[직영A]국밥백서 답십리점,N,15,8,53.33,7,46.67,-1.27,-3.79,3.44,6.84,1.31,69.07,30.93,-2.42,-4.01,2.86,8.27,0.75,-15.74,15.74,1.15,0.22,0.58,-1.43,0.56
36612,CU 신설교보점,N,13,9,69.23,4,30.77,-0.65,-4.93,2.58,15.62,0.85,69.07,30.93,-2.42,-4.01,2.86,8.27,0.75,0.16,-0.16,1.77,-0.92,-0.28,7.35,0.1
261899,[직영A] 밀플랜비,N,13,5,38.46,8,61.54,6.26,-5.57,5.42,17.5,0.45,69.07,30.93,-2.42,-4.01,2.86,8.27,0.75,-30.61,30.61,8.68,-1.56,2.56,9.23,-0.3
262098,[직영A] 원할머니족발보쌈 회기점,N,13,7,53.85,6,46.15,3.76,-2.98,0.35,12.27,0.24,69.07,30.93,-2.42,-4.01,2.86,8.27,0.75,-15.22,15.22,6.18,1.03,-2.51,4.0,-0.51
61117,◇GS25 삼육병원점,N,12,9,75.0,3,25.0,-4.74,-6.65,0.35,2.44,0.42,69.07,30.93,-2.42,-4.01,2.86,8.27,0.75,5.93,-5.93,-2.32,-2.64,-2.51,-5.83,-0.33
67278,CU 장안사거리점,N,12,10,83.33,2,16.67,-4.92,-5.69,0.92,4.58,1.01,69.07,30.93,-2.42,-4.01,2.86,8.27,0.75,14.26,-14.26,-2.5,-1.68,-1.94,-3.69,0.26
236473,CU 장안동본점,N,12,8,66.67,4,33.33,-2.24,-7.3,0.7,9.62,0.33,69.07,30.93,-2.42,-4.01,2.86,8.27,0.75,-2.4,2.4,0.18,-3.29,-2.16,1.35,-0.42
264487,[직영A] 몬도커피츄러스 경희대점,N,12,7,58.33,5,41.67,-1.56,0.16,8.06,8.11,0.81,69.07,30.93,-2.42,-4.01,2.86,8.27,0.75,-10.74,10.74,0.86,4.17,5.2,-0.16,0.06
265204,[직영A]피자마루 장안점,N,12,8,66.67,4,33.33,-0.87,2.0,6.12,6.29,0.65,69.07,30.93,-2.42,-4.01,2.86,8.27,0.75,-2.4,2.4,1.55,6.01,3.26,-1.98,-0.1
37402,CU 이문투니온점,N,11,8,72.73,3,27.27,-2.12,-4.93,1.3,9.38,0.54,69.07,30.93,-2.42,-4.01,2.86,8.27,0.75,3.66,-3.66,0.3,-0.92,-1.56,1.11,-0.21
38854,CU 전농대로점,N,11,9,81.82,2,18.18,-4.14,-5.87,0.46,6.25,0.52,69.07,30.93,-2.42,-4.01,2.86,8.27,0.75,12.75,-12.75,-1.72,-1.86,-2.4,-2.02,-0.23
68709,◇CU 휘경점,N,11,10,90.91,1,9.09,-6.62,-6.98,0.46,1.72,0.03,69.07,30.93,-2.42,-4.01,2.86,8.27,0.75,21.84,-21.84,-4.2,-2.97,-2.4,-6.55,-0.72
133676,CU 장안퍼스트점,N,11,8,72.73,3,27.27,-3.52,-5.33,2.19,7.79,0.63,69.07,30.93,-2.42,-4.01,2.86,8.27,0.75,3.66,-3.66,-1.1,-1.32,-0.67,-0.48,-0.12
159343,CU 청량리미주점,N,11,9,81.82,2,18.18,-4.4,-6.26,0.52,6.99,0.69,69.07,30.93,-2.42,-4.01,2.86,8.27,0.75,12.75,-12.75,-1.98,-2.25,-2.34,-1.28,-0.06
261920,[직영A] 본도시락 회기점,N,11,9,81.82,2,18.18,-3.02,-4.61,0.7,7.32,0.03,69.07,30.93,-2.42,-4.01,2.86,8.27,0.75,12.75,-12.75,-0.6,-0.6,-2.16,-0.95,-0.72
262903,CU 제기고대역점,N,11,8,72.73,3,27.27,-1.59,-5.66,0.36,10.87,0.62,69.07,30.93,-2.42,-4.01,2.86,8.27,0.75,3.66,-3.66,0.83,-1.65,-2.5,2.6,-0.13
263786,[직영A] 스시고칸 장안점,N,11,7,63.64,4,36.36,1.53,-4.91,0.41,15.45,1.95,69.07,30.93,-2.42,-4.01,2.86,8.27,0.75,-5.43,5.43,3.95,-0.9,-2.45,7.18,1.2
265838,[직영A]프랭크버거 회기역점,N,11,8,72.73,3,27.27,2.88,-4.08,2.93,29.91,0.64,69.07,30.93,-2.42,-4.01,2.86,8.27,0.75,3.66,-3.66,5.3,-0.07,0.07,21.64,-0.11
266174,[직영A]샐러디 답십리점,N,11,9,81.82,2,18.18,-5.7,-5.69,1.42,0.8,0.21,69.07,30.93,-2.42,-4.01,2.86,8.27,0.75,12.75,-12.75,-3.28,-1.68,-1.44,-7.47,-0.54
261819,[직영A] 본도시락 시립대점,N,10,8,80.0,2,20.0,-6.62,-9.92,0.81,10.07,0.28,69.07,30.93,-2.42,-4.01,2.86,8.27,0.75,10.93,-10.93,-4.2,-5.91,-2.05,1.8,-0.47
261876,[직영A] 포케올데이 경희대점,N,10,8,80.0,2,20.0,-3.14,-4.92,1.52,10.42,0.36,69.07,30.93,-2.42,-4.01,2.86,8.27,0.75,10.93,-10.93,-0.72,-0.91,-1.34,2.15,-0.39
265095,[직영A] 이삭토스트 시립대점,N,10,7,70.0,3,30.0,-8.5,-3.91,11.98,9.13,0.39,69.07,30.93,-2.42,-4.01,2.86,8.27,0.75,0.93,-0.93,-6.08,0.1,9.12,0.86,-0.36
265708,GS25 이문회기점,N,10,8,80.0,2,20.0,-4.41,-4.46,1.54,2.96,1.02,69.07,30.93,-2.42,-4.01,2.86,8.27,0.75,10.93,-10.93,-1.99,-0.45,-1.32,-5.31,0.27
266138,[직영A]피자스쿨 외대앞역점,N,10,3,30.0,7,70.0,2.33,-3.7,9.21,9.3,0.44,69.07,30.93,-2.42,-4.01,2.86,8.27,0.75,-39.07,39.07,4.75,0.31,6.35,1.03,-0.31
41506,■CU 경동사거리점,N,9,5,55.56,4,44.44,6.0,-5.63,0.41,21.65,0.6,69.07,30.93,-2.42,-4.01,2.86,8.27,0.75,-13.51,13.51,8.42,-1.62,-2.45,13.38,-0.15
147509,GS25 신이문대림점,N,9,6,66.67,3,33.33,6.43,-2.98,0.8,27.61,0.75,69.07,30.93,-2.42,-4.01,2.86,8.27,0.75,-2.4,2.4,8.85,1.03,-2.06,19.34,0.0
261923,[직영A] 매드피자 동대문점,N,9,8,88.89,1,11.11,-5.16,-0.63,5.24,2.7,2.22,69.07,30.93,-2.42,-4.01,2.86,8.27,0.75,19.82,-19.82,-2.74,3.38,2.38,-5.57,1.47
263193,CU 신설자이르네점,N,9,9,100.0,0,0.0,-7.49,-5.33,2.16,,,69.07,30.93,-2.42,-4.01,2.86,8.27,0.75,30.93,-30.93,-5.07,-1.32,-0.7,,
264370,[직영A] 페리카나 답십리점,N,9,3,33.33,6,66.67,0.98,-0.49,4.06,4.1,0.36,69.07,30.93,-2.42,-4.01,2.86,8.27,0.75,-35.74,35.74,3.4,3.52,1.2,-4.17,-0.39
265501,[직영A]우리할매떡볶이 전농점,N,9,4,44.44,5,55.56,4.25,-3.83,0.47,11.37,0.29,69.07,30.93,-2.42,-4.01,2.86,8.27,0.75,-24.63,24.63,6.67,0.18,-2.39,3.1,-0.46
34573,CU 장안관광호텔점,N,8,8,100.0,0,0.0,-5.13,-4.21,0.92,,,69.07,30.93,-2.42,-4.01,2.86,8.27,0.75,30.93,-30.93,-2.71,-0.2,-1.94,,
261878,[직영A] 버텍스 회기점,N,8,6,75.0,2,25.0,-3.23,-3.96,3.66,10.73,0.78,69.07,30.93,-2.42,-4.01,2.86,8.27,0.75,5.93,-5.93,-0.81,0.05,0.8,2.46,0.03
262089,[직영A] 두찜 동대문휘경점,N,8,1,12.5,7,87.5,8.66,-1.82,0.13,10.9,0.72,69.07,30.93,-2.42,-4.01,2.86,8.27,0.75,-56.57,56.57,11.08,2.19,-2.73,2.63,-0.03
262099,[직영A] 늘통큰감자탕,N,8,3,37.5,5,62.5,2.29,-7.82,0.79,11.4,2.57,69.07,30.93,-2.42,-4.01,2.86,8.27,0.75,-31.57,31.57,4.71,-3.81,-2.07,3.13,1.82
263176,CU 안암로타리점,N,8,7,87.5,1,12.5,-5.73,-6.07,0.86,2.95,0.22,69.07,30.93,-2.42,-4.01,2.86,8.27,0.75,18.43,-18.43,-3.31,-2.06,-2.0,-5.32,-0.53
263772,[직영A] 우주닭,N,8,5,62.5,3,37.5,2.17,-3.63,5.45,21.32,0.42,69.07,30.93,-2.42,-4.01,2.86,8.27,0.75,-6.57,6.57,4.59,0.38,2.59,13.05,-0.33
264029,[직영A] 오겹촌회기,N,8,7,87.5,1,12.5,-3.25,-5.52,0.21,14.37,0.25,69.07,30.93,-2.42,-4.01,2.86,8.27,0.75,18.43,-18.43,-0.83,-1.51,-2.65,6.1,-0.5
24058,■파리바게뜨 제기동역점,N,7,6,85.71,1,14.29,-3.32,-4.19,1.24,9.7,0.37,69.07,30.93,-2.42,-4.01,2.86,8.27,0.75,16.64,-16.64,-0.9,-0.18,-1.62,1.43,-0.38
56450,GS25 동대문두산점,N,7,6,85.71,1,14.29,-5.08,-5.45,0.89,2.45,0.02,69.07,30.93,-2.42,-4.01,2.86,8.27,0.75,16.64,-16.64,-2.66,-1.44,-1.97,-5.82,-0.73
58972,GS25 답십리중앙점,N,7,5,71.43,2,28.57,-4.28,-6.53,0.73,3.62,0.46,69.07,30.93,-2.42,-4.01,2.86,8.27,0.75,2.36,-2.36,-1.86,-2.52,-2.13,-4.65,-0.29
175587,GS25 장안화이트점,N,7,4,57.14,3,42.86,3.05,-6.92,0.2,18.97,2.36,69.07,30.93,-2.42,-4.01,2.86,8.27,0.75,-11.93,11.93,5.47,-2.91,-2.66,10.7,1.61
262902,CU 제기원룸점,N,7,5,71.43,2,28.57,-2.07,-3.98,0.28,3.56,0.15,69.07,30.93,-2.42,-4.01,2.86,8.27,0.75,2.36,-2.36,0.35,0.03,-2.58,-4.71,-0.6
263196,CU 이문스타즈점,N,7,6,85.71,1,14.29,-4.42,-4.7,0.56,0.98,0.43,69.07,30.93,-2.42,-4.01,2.86,8.27,0.75,16.64,-16.64,-2.0,-0.69,-2.3,-7.29,-0.32
264237,[직영A]대한냉면 동대문점,N,7,3,42.86,4,57.14,9.33,-2.22,1.06,19.48,0.7,69.07,30.93,-2.42,-4.01,2.86,8.27,0.75,-26.21,26.21,11.75,1.79,-1.8,11.21,-0.05
41504,CU 용두대박점,N,6,4,66.67,2,33.33,1.72,-2.84,0.3,11.76,0.33,69.07,30.93,-2.42,-4.01,2.86,8.27,0.75,-2.4,2.4,4.14,1.17,-2.56,3.49,-0.42
51256,CU 전농시립대점,N,6,5,83.33,1,16.67,-5.6,-5.2,2.25,4.4,0.75,69.07,30.93,-2.42,-4.01,2.86,8.27,0.75,14.26,-14.26,-3.18,-1.19,-0.61,-3.87,0.0
69701,세븐일레븐 시립대본점,N,6,5,83.33,1,16.67,-5.36,-5.68,0.83,0.42,0.02,69.07,30.93,-2.42,-4.01,2.86,8.27,0.75,14.26,-14.26,-2.94,-1.67,-2.03,-7.85,-0.73
96526,이문)파리바게뜨 외대후문점,N,6,4,66.67,2,33.33,-4.69,-7.41,1.33,3.76,0.36,69.07,30.93,-2.42,-4.01,2.86,8.27,0.75,-2.4,2.4,-2.27,-3.4,-1.53,-4.51,-0.39
105130,GS25 전농중앙점,N,6,4,66.67,2,33.33,-3.07,-5.33,0.5,3.15,0.69,69.07,30.93,-2.42,-4.01,2.86,8.27,0.75,-2.4,2.4,-0.65,-1.32,-2.36,-5.12,-0.06
149493,CU 답십리두산위브점,N,6,5,83.33,1,16.67,-3.6,-5.1,0.49,7.33,0.97,69.07,30.93,-2.42,-4.01,2.86,8.27,0.75,14.26,-14.26,-1.18,-1.09,-2.37,-0.94,0.22
165050,CU 장안래미안점,N,6,5,83.33,1,16.67,-5.84,-6.31,0.89,1.15,0.18,69.07,30.93,-2.42,-4.01,2.86,8.27,0.75,14.26,-14.26,-3.42,-2.3,-1.97,-7.12,-0.57
166323,CU 용두두산위브점,N,6,4,66.67,2,33.33,-2.88,-4.47,1.78,4.49,0.64,69.07,30.93,-2.42,-4.01,2.86,8.27,0.75,-2.4,2.4,-0.46,-0.46,-1.08,-3.78,-0.11
174229,GS25 답십리한천로점,N,6,5,83.33,1,16.67,-6.18,-7.77,0.72,5.78,0.42,69.07,30.93,-2.42,-4.01,2.86,8.27,0.75,14.26,-14.26,-3.76,-3.76,-2.14,-2.49,-0.33
181724,(선택)파리바게뜨 전농삼성점,N,6,6,100.0,0,0.0,-7.53,-7.12,0.41,,,69.07,30.93,-2.42,-4.01,2.86,8.27,0.75,30.93,-30.93,-5.11,-3.11,-2.45,,
197738,GS25 동대문SK점,N,6,6,100.0,0,0.0,-5.3,-4.81,0.49,,,69.07,30.93,-2.42,-4.01,2.86,8.27,0.75,30.93,-30.93,-2.88,-0.8,-2.37,,
241617,GS25 외대라그란데점,N,6,4,66.67,2,33.33,-4.09,-8.82,0.67,7.12,0.44,69.07,30.93,-2.42,-4.01,2.86,8.27,0.75,-2.4,2.4,-1.67,-4.81,-2.19,-1.15,-0.31
261845,[직영A] 열정국밥 동대문구장안점,N,6,2,33.33,4,66.67,5.49,-2.44,4.52,12.04,0.32,69.07,30.93,-2.42,-4.01,2.86,8.27,0.75,-35.74,35.74,7.91,1.57,1.66,3.77,-0.43
261875,[직영A] 초선마라 마라탕&마라샹궈 동대문회기점,N,6,3,50.0,3,50.0,-1.01,-6.41,1.34,6.37,0.64,69.07,30.93,-2.42,-4.01,2.86,8.27,0.75,-19.07,19.07,1.41,-2.4,-1.52,-1.9,-0.11
261914,[직영A] 파머스포케 키토김밥&샐러드 신설동점,N,6,2,33.33,4,66.67,3.37,-7.59,0.28,9.44,0.45,69.07,30.93,-2.42,-4.01,2.86,8.27,0.75,-35.74,35.74,5.79,-3.58,-2.58,1.17,-0.3
262062,[직영A] 김치로 김치찜돈가스,N,6,3,50.0,3,50.0,6.41,-3.48,2.11,18.58,0.19,69.07,30.93,-2.42,-4.01,2.86,8.27,0.75,-19.07,19.07,8.83,0.53,-0.75,10.31,-0.56
264488,[직영A] 동궁찜닭 장안점,N,6,6,100.0,0,0.0,-8.5,-2.47,6.03,,,69.07,30.93,-2.42,-4.01,2.86,8.27,0.75,30.93,-30.93,-6.08,1.54,3.17,,
265032,[직영A]베러먼데이 회기역점,N,6,5,83.33,1,16.67,-3.54,-5.24,0.87,11.25,1.97,69.07,30.93,-2.42,-4.01,2.86,8.27,0.75,14.26,-14.26,-1.12,-1.23,-1.99,2.98,1.22
266175,[직영A]굽네치킨 전농동점,N,6,5,83.33,1,16.67,-11.6,-4.22,10.23,6.75,4.12,69.07,30.93,-2.42,-4.01,2.86,8.27,0.75,14.26,-14.26,-9.18,-0.21,7.37,-1.52,3.37
24059,파리바게뜨 장안배봉점,N,5,3,60.0,2,40.0,-1.36,-5.95,1.87,8.48,0.15,69.07,30.93,-2.42,-4.01,2.86,8.27,0.75,-9.07,9.07,1.06,-1.94,-0.99,0.21,-0.6
24197,휘경)파리바게뜨 휘경점,N,5,5,100.0,0,0.0,-4.9,-3.42,1.49,,,69.07,30.93,-2.42,-4.01,2.86,8.27,0.75,30.93,-30.93,-2.48,0.59,-1.37,,
82668,GS25 답십리래미안점,N,5,3,60.0,2,40.0,-1.83,-3.79,0.61,2.7,0.68,69.07,30.93,-2.42,-4.01,2.86,8.27,0.75,-9.07,9.07,0.59,0.22,-2.25,-5.57,-0.07
133671,CU 회기창덕안점,N,5,1,20.0,4,80.0,5.0,1.27,2.57,7.05,0.47,69.07,30.93,-2.42,-4.01,2.86,8.27,0.75,-49.07,49.07,7.42,5.28,-0.29,-1.22,-0.28
141996,이디야커피 답십리파크자이점,N,5,3,60.0,2,40.0,-4.58,-4.32,5.53,6.52,3.19,69.07,30.93,-2.42,-4.01,2.86,8.27,0.75,-9.07,9.07,-2.16,-0.31,2.67,-1.75,2.44
262872,CU 뉴답십리점,N,5,3,60.0,2,40.0,-1.45,-5.19,0.83,5.69,0.28,69.07,30.93,-2.42,-4.01,2.86,8.27,0.75,-9.07,9.07,0.97,-1.18,-2.03,-2.58,-0.47
263225,CU 장안지우점,N,5,4,80.0,1,20.0,-4.75,-4.93,1.59,2.52,0.17,69.07,30.93,-2.42,-4.01,2.86,8.27,0.75,10.93,-10.93,-2.33,-0.92,-1.27,-5.75,-0.58
263887,[직영A] 카츠와이찌 동대문구점,N,5,4,80.0,1,20.0,-5.09,-4.1,2.81,3.47,1.28,69.07,30.93,-2.42,-4.01,2.86,8.27,0.75,10.93,-10.93,-2.67,-0.09,-0.05,-4.8,0.53
264012,[직영A] 육회바른연어 장안동사거리점,N,5,5,100.0,0,0.0,-5.77,-5.17,0.6,,,69.07,30.93,-2.42,-4.01,2.86,8.27,0.75,30.93,-30.93,-3.35,-1.16,-2.26,,
264239,[직영A]BBQ 고려대점,N,5,2,40.0,3,60.0,6.29,-7.82,0.76,18.37,2.17,69.07,30.93,-2.42,-4.01,2.86,8.27,0.75,-29.07,29.07,8.71,-3.81,-2.1,10.1,1.42
265709,GS25 장안벤처빌점,N,5,3,60.0,2,40.0,2.27,-2.22,1.83,12.32,0.56,69.07,30.93,-2.42,-4.01,2.86,8.27,0.75,-9.07,9.07,4.69,1.79,-1.03,4.05,-0.19
24056,(창)파리바게뜨 신설동역점,N,4,2,50.0,2,50.0,-0.19,-3.25,0.98,5.56,1.72,69.07,30.93,-2.42,-4.01,2.86,8.27,0.75,-19.07,19.07,2.23,0.76,-1.88,-2.71,0.97
25837,■던킨도너츠 동대문푸르지오시티점,N,4,3,75.0,1,25.0,-4.44,-7.52,0.53,6.5,0.13,69.07,30.93,-2.42,-4.01,2.86,8.27,0.75,5.93,-5.93,-2.02,-3.51,-2.33,-1.77,-0.62
36615,CU 장안중앙점,N,4,3,75.0,1,25.0,-2.02,-4.72,0.28,7.2,0.27,69.07,30.93,-2.42,-4.01,2.86,8.27,0.75,5.93,-5.93,0.4,-0.71,-2.58,-1.07,-0.48
47208,◇역전우동0410 회기역점,N,4,2,50.0,2,50.0,3.12,0.12,5.18,11.84,0.54,69.07,30.93,-2.42,-4.01,2.86,8.27,0.75,-19.07,19.07,5.54,4.13,2.32,3.57,-0.21
178214,투썸플레이스 청량리점,N,4,3,75.0,1,25.0,-4.72,-6.26,1.09,3.17,0.02,69.07,30.93,-2.42,-4.01,2.86,8.27,0.75,5.93,-5.93,-2.3,-2.25,-1.77,-5.1,-0.73
181725,(선택)파리바게뜨 장안2동점,N,4,2,50.0,2,50.0,-0.75,-8.2,0.49,7.93,0.73,69.07,30.93,-2.42,-4.01,2.86,8.27,0.75,-19.07,19.07,1.67,-4.19,-2.37,-0.34,-0.02
181731,(선택)배스킨라빈스 경희대점,N,4,2,50.0,2,50.0,1.7,-4.45,1.73,10.07,0.49,69.07,30.93,-2.42,-4.01,2.86,8.27,0.75,-19.07,19.07,4.12,-0.44,-1.13,1.8,-0.26
198265,GS25 장안데시앙점,N,4,3,75.0,1,25.0,-3.33,-5.88,0.21,5.28,0.33,69.07,30.93,-2.42,-4.01,2.86,8.27,0.75,5.93,-5.93,-0.91,-1.87,-2.65,-2.99,-0.42
231698,CU 이문라그란데점,N,4,4,100.0,0,0.0,-7.95,-7.51,0.45,,,69.07,30.93,-2.42,-4.01,2.86,8.27,0.75,30.93,-30.93,-5.53,-3.5,-2.41,,
246002,GS25 외대교차로점,N,4,1,25.0,3,75.0,0.9,-6.45,0.1,3.81,0.42,69.07,30.93,-2.42,-4.01,2.86,8.27,0.75,-44.07,44.07,3.32,-2.44,-2.76,-4.46,-0.33
246003,GS25 외대디센시아점,N,4,2,50.0,2,50.0,-0.38,-8.44,0.62,8.5,0.19,69.07,30.93,-2.42,-4.01,2.86,8.27,0.75,-19.07,19.07,2.04,-4.43,-2.24,0.23,-0.56
262095,[직영A] 치킨에꼬치다 외대점,N,4,3,75.0,1,25.0,-11.53,-8.22,7.23,0.85,0.65,69.07,30.93,-2.42,-4.01,2.86,8.27,0.75,5.93,-5.93,-9.11,-4.21,4.37,-7.42,-0.1
263182,CU 청량리해링턴점,N,4,3,75.0,1,25.0,-2.9,-6.85,0.17,10.45,0.98,69.07,30.93,-2.42,-4.01,2.86,8.27,0.75,5.93,-5.93,-0.48,-2.84,-2.69,2.18,0.23
263203,CU 휘경행복점,N,4,4,100.0,0,0.0,-6.59,-5.98,0.61,,,69.07,30.93,-2.42,-4.01,2.86,8.27,0.75,30.93,-30.93,-4.17,-1.97,-2.25,,
263223,CU 휘경브라운스톤점,N,4,4,100.0,0,0.0,-10.27,-9.68,0.6,,,69.07,30.93,-2.42,-4.01,2.86,8.27,0.75,30.93,-30.93,-7.85,-5.67,-2.26,,
263224,CU 전농우리점,N,4,2,50.0,2,50.0,-3.61,-7.54,0.74,3.86,2.79,69.07,30.93,-2.42,-4.01,2.86,8.27,0.75,-19.07,19.07,-1.19,-3.53,-2.12,-4.41,2.04
263227,CU 신흥래미안점,N,4,4,100.0,0,0.0,-4.55,-3.7,0.85,,,69.07,30.93,-2.42,-4.01,2.86,8.27,0.75,30.93,-30.93,-2.13,0.31,-2.01,,
263726,[직영A] 태백순살 소갈비탕 청량리점,N,4,3,75.0,1,25.0,-2.55,-9.09,0.52,18.68,0.05,69.07,30.93,-2.42,-4.01,2.86,8.27,0.75,5.93,-5.93,-0.13,-5.08,-2.34,10.41,-0.7
264020,[직영A] 노브랜드버거 휘경점,N,4,1,25.0,3,75.0,9.37,0.57,1.7,13.43,0.57,69.07,30.93,-2.42,-4.01,2.86,8.27,0.75,-44.07,44.07,11.79,4.58,-1.16,5.16,-0.18
264348,CU 뉴휘경해모로점,N,4,3,75.0,1,25.0,-2.8,-7.11,0.56,12.33,0.53,69.07,30.93,-2.42,-4.01,2.86,8.27,0.75,5.93,-5.93,-0.38,-3.1,-2.3,4.06,-0.22
264390,[직영A] 춘리마라탕 외대점,N,4,3,75.0,1,25.0,0.4,-1.36,2.84,14.68,0.5,69.07,30.93,-2.42,-4.01,2.86,8.27,0.75,5.93,-5.93,2.82,2.65,-0.02,6.41,-0.25
24057,■파리바게뜨 동대문구청점,N,3,0,0.0,3,100.0,3.96,,,5.37,1.41,69.07,30.93,-2.42,-4.01,2.86,8.27,0.75,-69.07,69.07,6.38,,,-2.9,0.66
51202,◇CU 경희스타점,N,3,3,100.0,0,0.0,-4.53,-4.02,0.51,,,69.07,30.93,-2.42,-4.01,2.86,8.27,0.75,30.93,-30.93,-2.11,-0.01,-2.35,,
59475,◇GS25 휘경주공점,N,3,1,33.33,2,66.67,1.34,1.87,6.12,4.34,0.2,69.07,30.93,-2.42,-4.01,2.86,8.27,0.75,-35.74,35.74,3.76,5.88,3.26,-3.93,-0.55
67277,CU 장안대로점,N,3,3,100.0,0,0.0,-4.66,-4.14,0.52,,,69.07,30.93,-2.42,-4.01,2.86,8.27,0.75,30.93,-30.93,-2.24,-0.13,-2.34,,
89345,이디야커피 장안동사거리점,N,3,3,100.0,0,0.0,-7.31,-3.69,3.62,,,69.07,30.93,-2.42,-4.01,2.86,8.27,0.75,30.93,-30.93,-4.89,0.32,0.76,,
96529,◇파리바게뜨 휘경주공점,N,3,2,66.67,1,33.33,-2.8,-5.06,0.68,11.8,8.72,69.07,30.93,-2.42,-4.01,2.86,8.27,0.75,-2.4,2.4,-0.38,-1.05,-2.18,3.53,7.97
133687,CU 뉴답십리간데메점,N,3,3,100.0,0,0.0,-6.38,-5.67,0.71,,,69.07,30.93,-2.42,-4.01,2.86,8.27,0.75,30.93,-30.93,-3.96,-1.66,-2.15,,
169184,GS25 뉴전농공원점,N,3,3,100.0,0,0.0,-7.04,-6.42,0.62,,,69.07,30.93,-2.42,-4.01,2.86,8.27,0.75,30.93,-30.93,-4.62,-2.41,-2.24,,
261807,[직영A] BBQ 안암오거리점,N,3,3,100.0,0,0.0,-8.45,-8.23,0.22,,,69.07,30.93,-2.42,-4.01,2.86,8.27,0.75,30.93,-30.93,-6.03,-4.22,-2.64,,
262061,[직영A] 나베야돈까스 용두점,N,3,1,33.33,2,66.67,20.8,-2.45,0.42,38.02,5.39,69.07,30.93,-2.42,-4.01,2.86,8.27,0.75,-35.74,35.74,23.22,1.56,-2.44,29.75,4.64
262904,CU 청량한신점,N,3,2,66.67,1,33.33,0.96,-8.17,0.75,21.48,0.78,69.07,30.93,-2.42,-4.01,2.86,8.27,0.75,-2.4,2.4,3.38,-4.16,-2.11,13.21,0.03
263723,[직영A] 두번먹는 명인김치찜 청량리점,N,3,1,33.33,2,66.67,2.0,-2.98,0.5,5.11,0.37,69.07,30.93,-2.42,-4.01,2.86,8.27,0.75,-35.74,35.74,4.42,1.03,-2.36,-3.16,-0.38
264149,[직영A] 냉면클라쓰&매력만두,N,3,0,0.0,3,100.0,4.38,,,4.5,0.12,69.07,30.93,-2.42,-4.01,2.86,8.27,0.75,-69.07,69.07,6.8,,,-3.77,-0.63
39289,■CU 제기푸르지오1호점,N,2,2,100.0,0,0.0,-6.26,0.73,6.99,,,69.07,30.93,-2.42,-4.01,2.86,8.27,0.75,30.93,-30.93,-3.84,4.74,4.13,,
39291,■CU 용두점,N,2,0,0.0,2,100.0,7.5,,,7.56,0.06,69.07,30.93,-2.42,-4.01,2.86,8.27,0.75,-69.07,69.07,9.92,,,-0.71,-0.69
53463,CU 답십리메트로점,N,2,1,50.0,1,50.0,-2.88,-10.0,0.22,5.17,0.72,69.07,30.93,-2.42,-4.01,2.86,8.27,0.75,-19.07,19.07,-0.46,-5.99,-2.64,-3.1,-0.03
59207,(창)GS25 신설중앙점,N,2,1,50.0,1,50.0,10.48,-0.75,0.98,22.73,0.03,69.07,30.93,-2.42,-4.01,2.86,8.27,0.75,-19.07,19.07,12.9,3.26,-1.88,14.46,-0.72
67284,(창)CU 청계포레스트힐점,N,2,2,100.0,0,0.0,-7.72,-3.6,4.12,,,69.07,30.93,-2.42,-4.01,2.86,8.27,0.75,30.93,-30.93,-5.3,0.41,1.26,,
67286,CU 답십리스카이점,N,2,1,50.0,1,50.0,-0.19,-0.05,0.98,0.88,0.23,69.07,30.93,-2.42,-4.01,2.86,8.27,0.75,-19.07,19.07,2.23,3.96,-1.88,-7.39,-0.52
97231,GS25 장안골든점,N,2,1,50.0,1,50.0,-3.05,-6.27,0.27,1.33,0.9,69.07,30.93,-2.42,-4.01,2.86,8.27,0.75,-19.07,19.07,-0.63,-2.26,-2.59,-6.94,0.15
129796,◇바나프레소 회기역사거리점,N,2,2,100.0,0,0.0,-10.83,-9.01,1.82,,,69.07,30.93,-2.42,-4.01,2.86,8.27,0.75,30.93,-30.93,-8.41,-5.0,-1.04,,
144939,GS25 답십리한신점,N,2,2,100.0,0,0.0,-10.62,-8.48,2.15,,,69.07,30.93,-2.42,-4.01,2.86,8.27,0.75,30.93,-30.93,-8.2,-4.47,-0.71,,
162842,CU 청량리한양수자인점,N,2,1,50.0,1,50.0,-4.58,-9.08,0.2,0.18,0.05,69.07,30.93,-2.42,-4.01,2.86,8.27,0.75,-19.07,19.07,-2.16,-5.07,-2.66,-8.09,-0.7
181727,(선택)파리바게뜨 신이문역점,N,2,0,0.0,2,100.0,5.9,,,6.88,0.98,69.07,30.93,-2.42,-4.01,2.86,8.27,0.75,-69.07,69.07,8.32,,,-1.39,0.23
261874,[직영A] 샹궈의 정석 본점,N,2,1,50.0,1,50.0,-0.26,-1.2,0.07,2.15,1.4,69.07,30.93,-2.42,-4.01,2.86,8.27,0.75,-19.07,19.07,2.16,2.81,-2.79,-6.12,0.65
261881,[직영A] 신전떡볶이 회기점,N,2,2,100.0,0,0.0,-4.52,-3.29,1.23,,,69.07,30.93,-2.42,-4.01,2.86,8.27,0.75,30.93,-30.93,-2.1,0.72,-1.63,,
263523,[직영A]특별한 호두와플&다과 청량리점,N,2,0,0.0,2,100.0,14.52,,,15.06,0.54,69.07,30.93,-2.42,-4.01,2.86,8.27,0.75,-69.07,69.07,16.94,,,6.79,-0.21
263880,[직영A] 부추소곱창,N,2,2,100.0,0,0.0,-6.15,-3.53,2.62,,,69.07,30.93,-2.42,-4.01,2.86,8.27,0.75,30.93,-30.93,-3.73,0.48,-0.24,,
264789,[직영A] 직화푸드,N,2,0,0.0,2,100.0,6.74,,,6.92,0.18,69.07,30.93,-2.42,-4.01,2.86,8.27,0.75,-69.07,69.07,9.16,,,-1.35,-0.57
265121,[직영A] 왕창곱창막창,N,2,1,50.0,1,50.0,8.83,-0.98,4.43,23.48,0.4,69.07,30.93,-2.42,-4.01,2.86,8.27,0.75,-19.07,19.07,11.25,3.03,1.57,15.21,-0.35
265707,GS25 동대문한신점,N,2,2,100.0,0,0.0,-4.72,-3.68,1.04,,,69.07,30.93,-2.42,-4.01,2.86,8.27,0.75,30.93,-30.93,-2.3,0.33,-1.82,,
265824,[직영A]피나치공 답십리점,N,2,2,100.0,0,0.0,-3.03,0.92,3.95,,,69.07,30.93,-2.42,-4.01,2.86,8.27,0.75,30.93,-30.93,-0.61,4.93,1.09,,
38852,CU 답십리두산행운점,N,1,1,100.0,0,0.0,-7.1,-7.07,0.03,,,69.07,30.93,-2.42,-4.01,2.86,8.27,0.75,30.93,-30.93,-4.68,-3.06,-2.83,,
51244,■CU 용두으뜸점,N,1,1,100.0,0,0.0,-1.6,-1.07,0.53,,,69.07,30.93,-2.42,-4.01,2.86,8.27,0.75,30.93,-30.93,0.82,2.94,-2.33,,
51254,CU 장안쉐르빌점,N,1,0,0.0,1,100.0,6.18,,,6.22,0.03,69.07,30.93,-2.42,-4.01,2.86,8.27,0.75,-69.07,69.07,8.6,,,-2.05,-0.72
56156,GS25 동대문메가점,N,1,1,100.0,0,0.0,-4.02,-3.58,0.43,,,69.07,30.93,-2.42,-4.01,2.86,8.27,0.75,30.93,-30.93,-1.6,0.43,-2.43,,
64793,세븐일레븐 장안노블레스점,N,1,1,100.0,0,0.0,-5.58,-5.45,0.13,,,69.07,30.93,-2.42,-4.01,2.86,8.27,0.75,30.93,-30.93,-3.16,-1.44,-2.73,,
66830,◇GS25 청량현대점,N,1,0,0.0,1,100.0,3.77,,,4.05,0.28,69.07,30.93,-2.42,-4.01,2.86,8.27,0.75,-69.07,69.07,6.19,,,-4.22,-0.47
68715,CU 전농우성점,N,1,0,0.0,1,100.0,2.78,,,2.83,0.05,69.07,30.93,-2.42,-4.01,2.86,8.27,0.75,-69.07,69.07,5.2,,,-5.44,-0.7
129771,◇바나프레소 경희대점,N,1,1,100.0,0,0.0,-7.3,-6.93,0.37,,,69.07,30.93,-2.42,-4.01,2.86,8.27,0.75,30.93,-30.93,-4.88,-2.92,-2.49,,
133683,CU 제기한신점,N,1,1,100.0,0,0.0,-4.65,-4.58,0.07,,,69.07,30.93,-2.42,-4.01,2.86,8.27,0.75,30.93,-30.93,-2.23,-0.57,-2.79,,
157811,GS25 답십리한양점,N,1,0,0.0,1,100.0,31.3,,,31.53,0.23,69.07,30.93,-2.42,-4.01,2.86,8.27,0.75,-69.07,69.07,33.72,,,23.26,-0.52
160442,GS25 전농샛별점,N,1,1,100.0,0,0.0,-6.82,-6.45,0.37,,,69.07,30.93,-2.42,-4.01,2.86,8.27,0.75,30.93,-30.93,-4.4,-2.44,-2.49,,
233866,(선택)던킨도너츠 이문점,N,1,1,100.0,0,0.0,-3.03,-2.08,0.95,,,69.07,30.93,-2.42,-4.01,2.86,8.27,0.75,30.93,-30.93,-0.61,1.93,-1.91,,
261902,[직영A] 공차 한국외대점,N,1,0,0.0,1,100.0,9.85,,,11.27,1.42,69.07,30.93,-2.42,-4.01,2.86,8.27,0.75,-69.07,69.07,12.27,,,3.0,0.67
261912,[직영A] 하남삼겹,N,1,1,100.0,0,0.0,-1.02,-0.27,0.75,,,69.07,30.93,-2.42,-4.01,2.86,8.27,0.75,30.93,-30.93,1.4,3.74,-2.11,,
263011,[직영A]성화금탕마라탕&튀김꼬치,N,1,0,0.0,1,100.0,4.67,,,4.9,0.23,69.07,30.93,-2.42,-4.01,2.86,8.27,0.75,-69.07,69.07,7.09,,,-3.37,-0.52
263374,[직영A]주연이네 끼니,N,1,0,0.0,1,100.0,1.58,,,1.85,0.27,69.07,30.93,-2.42,-4.01,2.86,8.27,0.75,-69.07,69.07,4.0,,,-6.42,-0.48
263724,[직영A] 30년 불멸의닭발 청량리점,N,1,0,0.0,1,100.0,0.28,,,0.3,0.02,69.07,30.93,-2.42,-4.01,2.86,8.27,0.75,-69.07,69.07,2.7,,,-7.97,-0.73
263769,[직영A] 꼬꼬스토리 휘경점,N,1,1,100.0,0,0.0,-7.67,-5.48,2.18,,,69.07,30.93,-2.42,-4.01,2.86,8.27,0.75,30.93,-30.93,-5.25,-1.47,-0.68,,
264150,[직영A] 빙동댕 동대문점,N,1,0,0.0,1,100.0,29.2,,,29.78,0.58,69.07,30.93,-2.42,-4.01,2.86,8.27,0.75,-69.07,69.07,31.62,,,21.51,-0.17
264275,[직영A] 샐러드박스 장안점,N,1,1,100.0,0,0.0,-7.42,-4.48,2.93,,,69.07,30.93,-2.42,-4.01,2.86,8.27,0.75,30.93,-30.93,-5.0,-0.47,0.07,,
264352,[직영A] 꼬샌 장안점,N,1,1,100.0,0,0.0,-7.1,-6.42,0.68,,,69.07,30.93,-2.42,-4.01,2.86,8.27,0.75,30.93,-30.93,-4.68,-2.41,-2.18,,
264486,[직영A] 노랑통닭 경희대점,N,1,0,0.0,1,100.0,2.87,,,3.0,0.13,69.07,30.93,-2.42,-4.01,2.86,8.27,0.75,-69.07,69.07,5.29,,,-5.27,-0.62
264489,[직영A]본죽&비빔밥 회기점,N,1,1,100.0,0,0.0,-3.85,-0.83,3.02,,,69.07,30.93,-2.42,-4.01,2.86,8.27,0.75,30.93,-30.93,-1.43,3.18,0.16,,
265060,[직영A] 홍콩반점 경희대점,N,1,0,0.0,1,100.0,7.23,,,7.25,0.02,69.07,30.93,-2.42,-4.01,2.86,8.27,0.75,-69.07,69.07,9.65,,,-1.02,-0.73
265706,GS25 뉴장안에이스점,N,1,0,0.0,1,100.0,3.18,,,3.47,0.28,69.07,30.93,-2.42,-4.01,2.86,8.27,0.75,-69.07,69.07,5.6,,,-4.8,-0.47
265710,GS25 전농햇살점,N,1,1,100.0,0,0.0,-6.17,-6.15,0.02,,,69.07,30.93,-2.42,-4.01,2.86,8.27,0.75,30.93,-30.93,-3.75,-2.14,-2.84,,
265978,[직영A]국민우유집 외대점,N,1,1,100.0,0,0.0,-9.6,-8.28,1.32,,,69.07,30.93,-2.42,-4.01,2.86,8.27,0.75,30.93,-30.93,-7.18,-4.27,-1.54,,
