지표,교촌치킨 시립대,타상점_요기요OD제외,차이
7월 완료 건수, 542 ," 11,508 ",
조기+정시 도착 건수, 407 ," 8,185 ",
조기+정시 도착 비중(%),75%,71%,3.97
지각 도착 건수, 135 ," 3,323 ",
지각 도착 비중(%),25%,29%,-3.97
요청 대비 도착 차이 평균(분),-4.68,-2.45,-2.23
[조기] 요청→픽업 차이 평균(분),-2.05,-4.15,2.1
[조기] 도착→픽업 대기 평균(분),6.05,2.64,3.41
[지각] 요청→픽업 차이 평균(분),6.5,9.08,-2.58
[지각] 도착→픽업 대기 평균(분),0.88,0.85,0.03
,,,
,,,
지표,김민지+ 교촌치킨,다른기사+ 교촌치킨,차이
오더 건수,14,528,—
조기·정시 도착 비중,85.70%,74.80%,+10.9%p
요청 대비 도착 차이,-7.9분,-4.6분,더 일찍
[조기] 대기,10.1분,5.9분,+4.1분
[지각] 요청→픽업,+11.1분,+6.4분,+4.7분
[지각] 대기,4.1분,0.8분,+3.3분
,,,
지표,김민지,다른 기사,차이
요청 대비 도착 평균,-3.9분,-2.3분,1.6분 더 이름
요청 대비 도착 중앙값,-6.9분,-3.5분,3.4분 더 이름
조기·정시 도착 비중,76.40%,68.80%,+7.6%p
10분 이상 조기 도착,29.80%,15.50%,+14.3%p
