store_id,sgg,admin_dong
42,성북구,안암동
283,성동구,사근동
293,성북구,안암동
406,성북구,안암동
408,성동구,행당1동
409,성동구,사근동
879,성동구,사근동
880,성동구,행당1동
890,성북구,안암동
897,성동구,사근동
918,성동구,사근동
1277,성동구,사근동
1582,성동구,사근동
1641,성동구,행당2동
1642,성동구,왕십리도선동
1644,성동구,행당2동
1648,성동구,금호2·3가동
1649,성동구,금호4가동
1651,성동구,금호1가동
1652,성동구,행당2동
1653,성동구,마장동
1655,성동구,행당1동
1658,성동구,사근동
1659,성동구,행당1동
1661,성동구,행당1동
1662,성동구,사근동
1665,성동구,왕십리도선동
1666,성동구,왕십리도선동
1672,성동구,마장동
1673,성동구,왕십리도선동
1674,성동구,행당1동
1679,성동구,왕십리2동
1847,성동구,마장동
1876,성동구,행당1동
1890,성북구,안암동
1898,성북구,안암동
1933,성북구,종암동
1967,성동구,행당1동
1991,성북구,안암동
2012,성북구,보문동
2032,성북구,안암동
2155,성동구,왕십리도선동
2158,성북구,동선동
2159,성북구,안암동
2160,성북구,동선동
2193,성동구,왕십리도선동
2472,성동구,금호4가동
2599,성동구,왕십리도선동
2600,성동구,금호2·3가동
2677,성동구,행당1동
2680,성동구,왕십리도선동
2684,성동구,금호2·3가동
3067,성동구,금호2·3가동
3087,성북구,안암동
3088,성동구,왕십리도선동
3118,성동구,왕십리도선동
3216,성동구,행당1동
3261,성북구,안암동
3268,성북구,안암동
3336,성동구,금호2·3가동
3338,성동구,금호2·3가동
3362,성북구,종암동
3421,성북구,안암동
3466,성동구,왕십리도선동
3498,성동구,행당1동
3526,성북구,종암동
3603,성동구,사근동
3615,성동구,사근동
3619,성동구,사근동
3630,성동구,금호4가동
3724,성동구,왕십리도선동
3729,성동구,사근동
3738,성동구,왕십리2동
3746,성동구,마장동
3762,성북구,종암동
3787,성북구,종암동
3977,성동구,행당2동
3989,성동구,마장동
4061,성동구,왕십리도선동
4111,성동구,왕십리도선동
4161,성북구,보문동
4203,성북구,길음2동
4277,성동구,왕십리도선동
4283,성동구,사근동
4332,성동구,행당1동
4336,성동구,마장동
4586,성동구,행당2동
4597,성동구,왕십리도선동
4613,성동구,금호2·3가동
4614,성동구,금호2·3가동
4622,성동구,행당2동
4636,성동구,사근동
4661,성북구,길음1동
4731,성북구,종암동
4749,성동구,왕십리도선동
4858,성동구,왕십리2동
4861,성동구,왕십리2동
4895,성동구,금호4가동
4968,성동구,왕십리도선동
5001,성동구,왕십리도선동
5005,성북구,돈암2동
5006,성북구,돈암2동
5094,성동구,왕십리도선동
5112,성동구,사근동
5135,성동구,왕십리2동
5157,성동구,왕십리도선동
5171,성북구,성북동
5194,성동구,사근동
5232,성동구,금호1가동
5245,성동구,행당2동
5359,성동구,행당1동
15973,성동구,사근동
16013,성동구,금호2·3가동
16114,성동구,왕십리2동
16266,성동구,사근동
16295,성동구,응봉동
16311,성동구,왕십리도선동
16424,성동구,마장동
16502,성북구,동선동
16596,성동구,금호2·3가동
16599,성동구,금호4가동
16600,성북구,정릉2동
16623,성북구,길음2동
16709,성동구,행당1동
16731,성북구,종암동
16805,성북구,종암동
16825,성동구,왕십리도선동
16826,성동구,행당1동
16827,성동구,사근동
16897,성동구,사근동
17096,성북구,안암동
17115,성동구,응봉동
17127,성동구,마장동
17136,성동구,행당2동
17144,성북구,안암동
17182,성북구,안암동
17197,성동구,금호4가동
17215,성동구,왕십리도선동
17376,성북구,길음1동
17628,성동구,왕십리도선동
17732,성북구,안암동
17753,성북구,종암동
17773,성북구,길음1동
17798,성동구,왕십리도선동
17814,성동구,행당2동
17817,성동구,왕십리도선동
17884,성동구,사근동
17895,성동구,왕십리2동
17902,성동구,금호4가동
17904,성동구,금호1가동
17929,성동구,왕십리도선동
18056,성북구,보문동
18111,성동구,금호2·3가동
18226,성동구,행당1동
18266,성동구,왕십리도선동
18354,성북구,안암동
18531,성북구,안암동
18532,성동구,행당1동
18535,성동구,사근동
18867,성북구,안암동
18940,성북구,길음1동
19066,성동구,행당2동
19085,성북구,길음2동
19155,성동구,행당2동
19240,성동구,행당1동
19259,성동구,금호4가동
19261,성동구,왕십리도선동
19262,성동구,왕십리도선동
19358,성동구,금호1가동
19412,성북구,길음2동
19416,성북구,안암동
19420,성동구,사근동
19463,성북구,종암동
19529,성동구,왕십리도선동
19653,성동구,왕십리도선동
19654,성북구,보문동
19660,성동구,사근동
19750,성동구,행당2동
19761,성동구,왕십리도선동
19896,성동구,사근동
19898,성북구,안암동
19984,성동구,금호4가동
20238,성동구,왕십리2동
20265,성동구,왕십리도선동
20266,성동구,왕십리도선동
20294,성동구,행당1동
20491,성동구,왕십리도선동
20515,성동구,마장동
20543,성동구,왕십리2동
20546,성동구,행당1동
20575,성동구,왕십리도선동
20596,성동구,왕십리도선동
20714,성동구,마장동
20717,성동구,응봉동
20723,성동구,왕십리2동
20740,성동구,왕십리도선동
20877,성동구,행당1동
20923,성동구,왕십리도선동
20998,성북구,종암동
21065,성북구,동선동
21071,성동구,왕십리도선동
21584,성동구,왕십리도선동
21715,성동구,행당1동
21848,성북구,동선동
21956,성동구,왕십리2동
21976,성북구,안암동
22016,성북구,안암동
22258,성동구,행당1동
22280,성동구,왕십리도선동
23058,성동구,행당1동
23138,성동구,행당2동
23140,성동구,왕십리도선동
23373,성동구,왕십리도선동
23963,성북구,성북동
23964,성북구,보문동
24108,성동구,금호2·3가동
24109,성동구,마장동
24111,성북구,동선동
24112,성북구,동선동
24113,성북구,삼선동
24114,성북구,삼선동
24115,성북구,안암동
24144,성동구,왕십리도선동
24206,성동구,행당1동
24207,성동구,사근동
24399,성동구,왕십리도선동
24531,성동구,왕십리도선동
24596,성북구,동선동
24902,성동구,왕십리도선동
24903,성동구,왕십리도선동
25346,성북구,삼선동
25398,성동구,금호2·3가동
25425,성동구,왕십리도선동
25432,성북구,삼선동
25464,성북구,종암동
25534,성동구,금호2·3가동
25596,성동구,행당2동
25679,성동구,금호4가동
25680,성북구,동선동
25683,성북구,삼선동
25696,성동구,행당1동
25733,성동구,행당1동
25751,성동구,금호1가동
25752,성동구,금호1가동
25763,성동구,금호2·3가동
25771,성동구,금호2·3가동
25932,성북구,안암동
26049,성북구,안암동
26313,성동구,왕십리도선동
26372,성동구,사근동
26435,성동구,왕십리도선동
26439,성동구,왕십리도선동
26468,성동구,왕십리도선동
26479,성동구,왕십리도선동
26481,성동구,왕십리도선동
26499,성북구,길음1동
26500,성북구,삼선동
26692,성북구,정릉2동
26795,성동구,금호2·3가동
26826,성동구,왕십리도선동
26948,성동구,행당1동
27281,성동구,행당1동
27523,성동구,금호2·3가동
27565,성동구,금호2·3가동
27569,성동구,금호4가동
27619,성북구,길음2동
28401,성동구,왕십리2동
28535,성동구,옥수동
28569,성동구,행당1동
28616,성동구,금호4가동
28793,성동구,응봉동
29139,성북구,동선동
29325,성동구,응봉동
29464,성북구,정릉1동
29491,성북구,안암동
30129,성동구,금호4가동
30132,성북구,동선동
30133,성북구,종암동
30134,성동구,왕십리도선동
30155,성동구,사근동
30187,성동구,옥수동
30249,성동구,금호2·3가동
30303,성북구,안암동
30383,성북구,보문동
30385,성북구,길음1동
30447,성동구,행당2동
30510,성동구,사근동
30636,성북구,길음2동
30977,성북구,보문동
31229,성북구,안암동
31251,성북구,길음1동
31457,성동구,왕십리도선동
31817,성동구,왕십리도선동
31830,성북구,안암동
31878,성북구,동선동
31938,성동구,왕십리도선동
32029,성동구,금호2·3가동
32038,성동구,왕십리도선동
32456,성동구,왕십리도선동
32504,성동구,옥수동
32585,성동구,옥수동
32622,성동구,금호2·3가동
32623,성동구,금호2·3가동
32666,성동구,왕십리2동
32994,성동구,왕십리도선동
33132,성동구,응봉동
33133,성동구,금호4가동
33134,성동구,마장동
33302,성북구,성북동
33303,성북구,성북동
33760,성북구,길음1동
33839,성동구,행당1동
34073,성동구,사근동
34120,성동구,금호1가동
34590,성동구,행당1동
34591,성동구,사근동
34718,성북구,길음1동
34727,성동구,옥수동
34770,성동구,사근동
34771,성동구,왕십리도선동
34773,성동구,사근동
34776,성동구,왕십리2동
34783,성동구,행당1동
34785,성동구,행당1동
34789,성동구,왕십리도선동
34790,성동구,왕십리도선동
34793,성동구,왕십리도선동
34794,성동구,왕십리2동
34796,성동구,왕십리도선동
34797,성동구,행당1동
34798,성동구,마장동
34802,성북구,길음2동
34803,성북구,길음1동
34821,성동구,왕십리2동
34824,성동구,행당2동
34835,성동구,금호4가동
34860,성동구,왕십리도선동
34869,성동구,왕십리2동
34872,성동구,왕십리2동
34873,성동구,행당1동
35356,성동구,행당2동
35534,성북구,종암동
35550,성북구,삼선동
35564,성동구,옥수동
35624,성동구,사근동
35625,성동구,왕십리도선동
35626,성동구,행당2동
35628,성동구,왕십리도선동
35630,성동구,금호2·3가동
35631,성동구,행당1동
35634,성동구,왕십리도선동
35635,성동구,사근동
35637,성동구,금호1가동
35638,성동구,금호2·3가동
35639,성동구,행당1동
35640,성동구,왕십리도선동
35641,성동구,금호4가동
35642,성동구,행당2동
35643,성동구,사근동
35645,성동구,행당1동
35648,성동구,행당2동
35650,성동구,행당1동
35651,성동구,행당2동
35652,성동구,사근동
35654,성동구,왕십리도선동
35656,성동구,마장동
35657,성동구,왕십리도선동
35659,성동구,행당2동
35661,성동구,금호1가동
35663,성동구,행당2동
35690,성동구,옥수동
35703,성동구,금호2·3가동
35708,성동구,행당1동
35747,성동구,응봉동
35748,성동구,왕십리도선동
35756,성북구,정릉1동
35833,성북구,길음1동
35838,성동구,금호4가동
35906,성동구,행당1동
35938,성동구,왕십리도선동
36658,성동구,행당2동
36760,성동구,옥수동
36761,성동구,응봉동
36973,성동구,왕십리2동
37058,성북구,정릉2동
37083,성북구,정릉1동
37123,성동구,행당1동
37181,성동구,사근동
37419,성동구,금호2·3가동
37420,성동구,왕십리도선동
37423,성북구,안암동
37424,성북구,안암동
37425,성북구,정릉2동
37426,성북구,정릉2동
37427,성북구,종암동
37651,성동구,사근동
38128,성북구,동선동
38129,성북구,안암동
38268,성북구,동선동
38767,성북구,종암동
38768,성북구,종암동
38884,성동구,금호4가동
38885,성동구,금호1가동
38887,성동구,마장동
38889,성동구,응봉동
39007,성북구,보문동
39008,성북구,삼선동
39012,성북구,안암동
39090,성북구,정릉1동
39225,성동구,옥수동
39227,성동구,금호2·3가동
39417,성동구,옥수동
39519,성동구,왕십리도선동
39807,성북구,길음1동
39861,성북구,정릉2동
39921,성북구,정릉2동
39955,성동구,행당1동
40037,성북구,종암동
40044,성북구,길음1동
40084,성동구,금호4가동
40326,성북구,길음2동
40381,성북구,삼선동
40889,성북구,정릉1동
40900,성북구,종암동
41055,성북구,삼선동
41323,성북구,동선동
41562,성동구,금호2·3가동
41864,성동구,왕십리도선동
41907,성북구,안암동
42272,성북구,삼선동
42275,성동구,왕십리2동
42533,성북구,안암동
42556,성동구,사근동
42680,성동구,왕십리도선동
42681,성동구,금호4가동
42710,성북구,성북동
42721,성북구,정릉2동
42782,성동구,왕십리2동
43230,성동구,왕십리도선동
43265,성동구,사근동
43315,성동구,왕십리도선동
43318,성동구,왕십리도선동
43413,성북구,성북동
43434,성북구,길음2동
43609,성동구,사근동
43720,성북구,안암동
43755,성북구,동선동
44085,성북구,삼선동
44282,성북구,성북동
44447,성북구,삼선동
44537,성북구,동선동
44542,성북구,성북동
44547,성북구,동선동
44676,성동구,응봉동
44703,성동구,왕십리도선동
44710,성동구,왕십리도선동
44793,성북구,삼선동
45173,성북구,종암동
45209,성북구,안암동
45280,성동구,왕십리도선동
45421,성동구,행당1동
45515,성동구,사근동
45560,성북구,삼선동
45672,성북구,성북동
45683,성북구,동선동
45687,성동구,행당1동
45708,성동구,행당1동
45896,성동구,사근동
45897,성동구,왕십리도선동
45899,성북구,길음1동
45936,성동구,사근동
45952,성북구,종암동
45957,성북구,길음2동
46013,성북구,돈암2동
46097,성동구,사근동
46099,성북구,동선동
46101,성북구,안암동
46330,성북구,동선동
46414,성북구,동선동
46448,성동구,금호4가동
46450,성동구,마장동
46593,성북구,종암동
46595,성북구,길음2동
46657,성북구,안암동
46680,성북구,성북동
46707,성북구,종암동
46710,성북구,길음2동
46714,성북구,종암동
46717,성북구,종암동
46718,성북구,종암동
46720,성북구,종암동
46820,성동구,마장동
46880,성동구,사근동
47194,성북구,동선동
47255,성동구,행당1동
47270,성동구,행당1동
47273,성동구,왕십리2동
47274,성동구,왕십리2동
47276,성동구,왕십리2동
47279,성동구,왕십리2동
47282,성동구,왕십리2동
47284,성동구,행당1동
47285,성동구,금호2·3가동
47288,성동구,왕십리2동
47290,성동구,왕십리도선동
47292,성동구,사근동
47374,성동구,왕십리2동
47375,성동구,왕십리2동
47390,성북구,동선동
47426,성동구,행당1동
47442,성북구,길음1동
47496,성동구,금호2·3가동
47524,성동구,행당1동
47558,성동구,옥수동
47565,성동구,왕십리도선동
47566,성동구,금호2·3가동
47568,성동구,금호2·3가동
47570,성동구,옥수동
47571,성동구,금호2·3가동
47572,성동구,금호4가동
47574,성동구,금호2·3가동
47577,성동구,금호2·3가동
47578,성동구,금호2·3가동
47593,성동구,금호2·3가동
47600,성동구,금호2·3가동
47675,성동구,옥수동
47677,성동구,금호2·3가동
47682,성동구,금호2·3가동
47683,성동구,금호1가동
47685,성동구,금호1가동
47688,성동구,금호4가동
47689,성동구,금호4가동
47691,성동구,금호1가동
47693,성동구,금호2·3가동
47695,성동구,금호2·3가동
47698,성동구,금호2·3가동
47700,성동구,행당2동
47761,성동구,행당1동
47764,성북구,삼선동
47767,성북구,동선동
47778,성동구,행당1동
47916,성동구,금호1가동
47918,성북구,종암동
47982,성동구,금호2·3가동
47985,성동구,금호2·3가동
48120,성북구,삼선동
48121,성동구,마장동
48186,성북구,삼선동
48192,성동구,사근동
48376,성동구,금호2·3가동
48433,성동구,행당1동
48749,성북구,동선동
48771,성동구,금호2·3가동
48790,성북구,종암동
48889,성동구,사근동
49022,성북구,삼선동
49080,성북구,보문동
49242,성북구,종암동
49321,성동구,금호4가동
49413,성동구,행당1동
49478,성북구,삼선동
49559,성북구,안암동
49589,성북구,안암동
49590,성동구,왕십리2동
49606,성동구,행당1동
49702,성북구,동선동
49715,성동구,금호2·3가동
50032,성동구,왕십리도선동
50433,성동구,왕십리2동
50452,성동구,왕십리도선동
50497,성동구,행당1동
50508,성북구,삼선동
50542,성북구,종암동
50661,성북구,동선동
50791,성동구,금호2·3가동
50801,성동구,응봉동
50840,성동구,왕십리도선동
50861,성북구,정릉2동
50891,성동구,행당1동
50922,성동구,왕십리도선동
50934,성동구,왕십리도선동
50943,성동구,사근동
51023,성동구,왕십리2동
51209,성동구,금호2·3가동
51228,성동구,왕십리도선동
51235,성동구,왕십리도선동
51268,성동구,왕십리도선동
51269,성동구,사근동
51270,성동구,행당2동
51418,성동구,마장동
51978,성동구,사근동
51980,성동구,금호2·3가동
52219,성북구,길음2동
52243,성동구,옥수동
52407,성북구,동선동
52459,성동구,금호4가동
52493,성북구,동선동
52495,성북구,길음2동
52516,성동구,사근동
52546,성동구,응봉동
52560,성북구,삼선동
52584,성동구,행당1동
52626,성동구,사근동
52668,성동구,행당2동
52737,성북구,정릉2동
52740,성북구,삼선동
52786,성동구,행당1동
52789,성동구,왕십리도선동
52922,성동구,왕십리도선동
52980,성북구,동선동
53132,성동구,금호1가동
53144,성동구,행당2동
53364,성북구,길음1동
53452,성북구,길음2동
53453,성북구,길음1동
53493,성북구,돈암1동
53494,성북구,동선동
53497,성북구,동선동
53498,성북구,동선동
53499,성북구,동선동
53500,성북구,성북동
53502,성동구,마장동
53534,성북구,보문동
53535,성북구,보문동
53540,성북구,삼선동
53541,성북구,삼선동
53568,성동구,왕십리도선동
53569,성동구,행당1동
53570,성북구,동선동
53571,성북구,동선동
53572,성북구,성북동
53573,성북구,삼선동
53574,성북구,길음2동
53575,성북구,성북동
53589,성북구,동선동
53601,성북구,동선동
53637,성북구,안암동
53638,성북구,안암동
53665,성동구,왕십리2동
53666,성동구,왕십리도선동
53667,성동구,사근동
53706,성북구,정릉2동
53707,성북구,정릉1동
53709,성북구,정릉1동
53710,성북구,정릉1동
53722,성북구,종암동
53723,성북구,종암동
53724,성북구,종암동
53753,성동구,행당1동
54132,성동구,왕십리도선동
54133,성북구,종암동
54136,성동구,금호4가동
54299,성북구,동선동
54301,성동구,금호1가동
54342,성동구,왕십리도선동
54353,성동구,사근동
54384,성동구,금호2·3가동
54385,성동구,금호4가동
54413,성북구,보문동
54480,성북구,안암동
54545,성북구,종암동
54589,성북구,종암동
54604,성북구,돈암2동
54672,성북구,성북동
54674,성동구,금호4가동
54857,성동구,왕십리도선동
54951,성북구,정릉1동
54965,성동구,금호4가동
55290,성동구,금호4가동
55341,성동구,금호4가동
55402,성동구,옥수동
55513,성동구,사근동
55626,성동구,사근동
55627,성동구,왕십리도선동
55733,성북구,삼선동
55741,성동구,마장동
55863,성동구,사근동
56030,성동구,행당2동
56031,성동구,금호4가동
56032,성동구,왕십리도선동
56033,성동구,왕십리2동
56037,성동구,금호2·3가동
56168,성북구,종암동
56169,성북구,안암동
56170,성북구,동선동
56171,성북구,동선동
56172,성북구,삼선동
56353,성동구,금호1가동
56423,성동구,왕십리도선동
56424,성동구,행당1동
56426,성동구,마장동
56427,성동구,마장동
56453,성북구,종암동
56454,성북구,안암동
56455,성북구,종암동
56741,성동구,사근동
56750,성동구,금호4가동
56852,성북구,동선동
56853,성북구,안암동
57020,성동구,왕십리도선동
57025,성북구,성북동
57029,성북구,삼선동
57164,성북구,길음2동
57348,성북구,정릉2동
57467,성북구,삼선동
57620,성동구,행당2동
57622,성동구,금호2·3가동
57773,성북구,동선동
57776,성동구,왕십리도선동
57787,성북구,길음2동
58100,성북구,길음2동
58217,성북구,동선동
58219,성북구,동선동
58221,성북구,동선동
58675,성동구,금호2·3가동
58678,성동구,금호4가동
58884,성북구,안암동
59080,성북구,보문동
59153,성북구,안암동
59200,성동구,금호2·3가동
59264,성동구,옥수동
59551,성동구,마장동
59632,성동구,사근동
59669,성북구,안암동
59753,성동구,사근동
59773,성동구,금호2·3가동
59855,성북구,종암동
59856,성북구,종암동
59980,성북구,길음1동
60123,성북구,안암동
60138,성동구,사근동
60163,성북구,삼선동
60180,성동구,사근동
60221,성동구,행당1동
60230,성북구,정릉1동
60421,성북구,삼선동
60511,성북구,삼선동
60543,성동구,마장동
60575,성동구,마장동
60729,성동구,금호4가동
60739,성동구,사근동
60740,성동구,사근동
60744,성동구,왕십리도선동
60745,성동구,옥수동
60746,성동구,옥수동
60948,성동구,마장동
61115,성북구,돈암2동
61137,성북구,종암동
61138,성북구,성북동
61139,성북구,길음1동
61141,성북구,동선동
61634,성동구,사근동
61977,성북구,안암동
62121,성동구,사근동
62122,성동구,왕십리도선동
62865,성동구,마장동
62962,성북구,종암동
62993,성동구,옥수동
63119,성북구,삼선동
63262,성북구,삼선동
63263,성북구,안암동
63420,성북구,종암동
63564,성북구,종암동
63664,성북구,성북동
63698,성동구,행당1동
63849,성동구,옥수동
64005,성북구,종암동
64218,성동구,왕십리도선동
64219,성동구,왕십리도선동
64224,성동구,행당1동
64388,성동구,금호4가동
64453,성북구,동선동
64454,성북구,종암동
64510,성동구,응봉동
64858,성동구,옥수동
64859,성동구,사근동
64860,성북구,동선동
64861,성북구,삼선동
64862,성북구,삼선동
64865,성북구,정릉1동
65076,성북구,종암동
65147,성북구,길음1동
65802,성동구,금호4가동
65839,성동구,왕십리도선동
65841,성북구,종암동
65843,성북구,삼선동
65880,성북구,정릉1동
65884,성북구,안암동
66015,성동구,왕십리도선동
66066,성동구,왕십리2동
66124,성동구,사근동
66245,성북구,정릉2동
66246,성북구,정릉2동
66262,성북구,종암동
66780,성동구,왕십리도선동
66832,성북구,돈암2동
67213,성북구,정릉2동
67214,성북구,길음1동
67215,성동구,사근동
67216,성동구,왕십리2동
67218,성동구,왕십리도선동
67655,성북구,길음1동
67720,성동구,사근동
67733,성북구,보문동
67891,성북구,종암동
67894,성북구,삼선동
67895,성북구,삼선동
68043,성북구,동선동
68229,성동구,금호4가동
68231,성동구,금호4가동
68263,성동구,왕십리2동
68264,성동구,왕십리2동
68265,성동구,왕십리2동
68266,성동구,왕십리2동
68284,성북구,종암동
68371,성북구,성북동
68401,성동구,금호2·3가동
68456,성동구,금호4가동
68458,성동구,금호4가동
68661,성동구,금호2·3가동
68857,성동구,행당1동
68991,성동구,금호4가동
69025,성동구,행당1동
69078,성동구,왕십리도선동
69081,성북구,동선동
69110,성북구,정릉2동
69209,성동구,금호2·3가동
69210,성동구,금호2·3가동
69223,성북구,안암동
69236,성동구,행당1동
69239,성동구,행당1동
69242,성북구,동선동
69288,성북구,종암동
69289,성북구,종암동
69306,성북구,동선동
69307,성북구,동선동
69309,성북구,정릉1동
69320,성동구,옥수동
69362,성북구,삼선동
69365,성북구,동선동
69366,성북구,삼선동
69371,성동구,왕십리도선동
69372,성동구,사근동
69373,성동구,사근동
69400,성북구,성북동
69417,성북구,길음1동
69418,성북구,길음1동
69419,성북구,보문동
69580,성동구,금호4가동
69583,성북구,길음2동
69598,성북구,동선동
69728,성동구,왕십리도선동
69729,성동구,행당1동
69730,성북구,동선동
69731,성북구,동선동
69733,성북구,동선동
69735,성북구,성북동
69736,성북구,안암동
69737,성북구,안암동
70723,성동구,왕십리도선동
70844,성동구,행당2동
70861,성동구,금호2·3가동
71310,성북구,길음2동
71710,성북구,보문동
71745,성동구,사근동
71810,성북구,삼선동
72003,성동구,왕십리도선동
72010,성동구,사근동
72208,성동구,왕십리도선동
72384,성동구,행당1동
72860,성동구,왕십리2동
73004,성동구,왕십리도선동
73007,성동구,옥수동
73063,성북구,종암동
73156,성북구,길음2동
73242,성북구,안암동
73344,성북구,종암동
73357,성북구,동선동
73483,성동구,금호2·3가동
73760,성북구,안암동
73761,성북구,안암동
73773,성동구,금호4가동
73886,성동구,왕십리도선동
73887,성동구,왕십리도선동
74244,성북구,동선동
74272,성동구,금호2·3가동
74640,성동구,행당1동
74838,성동구,금호2·3가동
74877,성북구,삼선동
74984,성북구,동선동
75130,성북구,성북동
75260,성동구,왕십리도선동
75320,성북구,종암동
75391,성북구,삼선동
75397,성동구,금호2·3가동
75502,성북구,돈암2동
75515,성동구,마장동
75582,성북구,길음2동
75583,성북구,성북동
75584,성북구,성북동
75681,성동구,왕십리도선동
76088,성북구,길음2동
76096,성북구,종암동
76125,성동구,행당1동
76190,성동구,응봉동
76199,성북구,안암동
76322,성동구,왕십리2동
76378,성동구,왕십리2동
76424,성북구,삼선동
76494,성동구,금호2·3가동
76664,성동구,행당1동
76772,성북구,삼선동
76830,성동구,왕십리도선동
76910,성동구,금호2·3가동
77225,성동구,금호2·3가동
77289,성북구,정릉2동
77299,성북구,종암동
77309,성북구,종암동
77408,성동구,옥수동
77490,성동구,금호2·3가동
77584,성북구,안암동
77630,성북구,돈암2동
77646,성북구,안암동
78051,성동구,행당1동
78070,성동구,사근동
78110,성동구,금호2·3가동
78130,성북구,동선동
78270,성북구,삼선동
78346,성동구,왕십리도선동
78454,성북구,동선동
79088,성북구,정릉1동
79381,성북구,정릉1동
79546,성북구,동선동
79586,성북구,정릉1동
80096,성동구,사근동
80381,성북구,안암동
80416,성북구,정릉2동
80705,성동구,사근동
80769,성북구,길음1동
80774,성북구,안암동
80852,성북구,길음1동
80926,성동구,왕십리도선동
81195,성북구,종암동
81256,성동구,행당1동
81374,성북구,삼선동
81447,성북구,종암동
81570,성동구,왕십리도선동
81603,성북구,종암동
81617,성동구,금호2·3가동
81640,성북구,동선동
81649,성동구,옥수동
81657,성북구,동선동
81683,성동구,옥수동
81686,성동구,옥수동
81722,성북구,길음1동
81957,성동구,금호2·3가동
81958,성동구,금호4가동
81997,성북구,동선동
82042,성동구,옥수동
82046,성북구,길음2동
82218,성동구,옥수동
82239,성동구,옥수동
82240,성동구,옥수동
82241,성동구,옥수동
82342,성북구,길음2동
82423,성동구,옥수동
82614,성동구,사근동
82621,성동구,왕십리2동
82702,성북구,안암동
82804,성북구,안암동
82836,성북구,종암동
82838,성북구,정릉1동
82875,성동구,왕십리도선동
83031,성북구,길음2동
83085,성동구,마장동
83170,성북구,동선동
83244,성북구,종암동
83289,성동구,왕십리2동
83290,성동구,왕십리2동
83291,성동구,왕십리2동
83292,성동구,왕십리2동
83483,성동구,옥수동
83649,성북구,안암동
83734,성북구,길음1동
83736,성북구,동선동
83907,성북구,동선동
83932,성북구,삼선동
83936,성동구,금호4가동
84621,성북구,안암동
84634,성동구,옥수동
84771,성동구,마장동
84893,성동구,행당2동
85298,성북구,길음1동
85678,성북구,길음2동
85771,성북구,길음1동
85801,성북구,길음1동
85805,성북구,정릉2동
86727,성북구,안암동
86733,성북구,정릉1동
86738,성북구,정릉1동
86773,성북구,돈암2동
87037,성북구,안암동
87170,성북구,길음1동
87553,성북구,안암동
87556,성동구,옥수동
87557,성북구,안암동
87752,성북구,삼선동
87761,성북구,동선동
87766,성북구,성북동
87769,성북구,정릉2동
87842,성북구,정릉2동
87955,성북구,안암동
87998,성북구,성북동
88053,성북구,동선동
88058,성북구,보문동
88060,성북구,동선동
88159,성동구,행당2동
88181,성북구,삼선동
88202,성동구,금호2·3가동
88284,성북구,길음1동
88497,성북구,성북동
88697,성동구,금호2·3가동
88701,성북구,길음2동
88801,성북구,동선동
88809,성북구,정릉1동
88844,성북구,동선동
89122,성북구,동선동
89306,성북구,동선동
89310,성북구,삼선동
89323,성동구,마장동
89702,성동구,왕십리도선동
89975,성동구,왕십리도선동
89978,성북구,돈암1동
90077,성북구,돈암1동
90160,성동구,왕십리도선동
90546,성동구,금호2·3가동
90588,성북구,안암동
90874,성북구,정릉1동
90959,성북구,길음2동
90993,성북구,동선동
90994,성북구,삼선동
91190,성북구,길음1동
91354,성동구,왕십리도선동
91410,성북구,길음1동
91450,성북구,동선동
91568,성동구,행당1동
91618,성북구,길음1동
91723,성동구,금호2·3가동
91782,성동구,사근동
91919,성동구,금호4가동
92080,성북구,삼선동
92516,성동구,행당2동
92519,성동구,사근동
92608,성동구,금호2·3가동
92611,성동구,왕십리도선동
92665,성동구,왕십리2동
92772,성북구,돈암2동
93168,성동구,행당2동
93171,성동구,왕십리도선동
93293,성북구,동선동
93417,성동구,금호4가동
93481,성북구,안암동
93552,성북구,돈암1동
93554,성북구,정릉1동
93724,성동구,왕십리도선동
93862,성동구,금호4가동
93927,성동구,금호4가동
93929,성동구,마장동
93934,성동구,금호2·3가동
93954,성북구,동선동
93958,성북구,종암동
94076,성북구,동선동
94158,성동구,왕십리도선동
94314,성북구,성북동
94368,성동구,행당1동
94542,성동구,사근동
94728,성동구,행당2동
94906,성동구,행당2동
95022,성동구,행당2동
95294,성동구,행당2동
95429,성동구,금호2·3가동
95457,성북구,보문동
95461,성북구,성북동
95492,성북구,안암동
95510,성북구,삼선동
95552,성북구,동선동
95601,성북구,동선동
95753,성북구,종암동
95757,성북구,보문동
95797,성동구,금호1가동
95984,성북구,삼선동
95985,성북구,보문동
95987,성북구,성북동
95989,성북구,삼선동
96158,성북구,동선동
96274,성북구,안암동
96279,성북구,동선동
96285,성동구,응봉동
96325,성북구,길음1동
96339,성동구,사근동
96431,성동구,금호4가동
96500,성북구,성북동
96502,성동구,왕십리도선동
96514,성동구,행당1동
96534,성북구,정릉1동
96750,성북구,안암동
96828,성동구,왕십리도선동
96850,성동구,왕십리도선동
97045,성북구,돈암1동
97054,성북구,길음1동
97332,성동구,옥수동
97404,성동구,마장동
98055,성동구,응봉동
98056,성동구,옥수동
98072,성북구,동선동
98151,성동구,왕십리2동
98197,성북구,삼선동
98685,성북구,길음1동
98747,성동구,행당2동
98755,성동구,금호4가동
98756,성동구,금호2·3가동
98833,성북구,삼선동
98855,성북구,삼선동
98910,성북구,정릉1동
98911,성동구,행당1동
99047,성북구,동선동
99169,성북구,안암동
99271,성동구,옥수동
99557,성동구,금호4가동
99593,성동구,옥수동
99637,성동구,왕십리도선동
99641,성북구,안암동
99998,성동구,사근동
100105,성동구,금호2·3가동
100165,성북구,동선동
100234,성동구,왕십리도선동
100243,성동구,금호1가동
100249,성북구,동선동
100803,성북구,보문동
100819,성동구,금호4가동
101103,성동구,응봉동
101286,성북구,길음2동
102089,성북구,동선동
102272,성동구,왕십리도선동
102432,성북구,동선동
102687,성동구,금호4가동
102700,성동구,왕십리도선동
102840,성동구,금호1가동
103142,성동구,왕십리도선동
103485,성동구,행당2동
103684,성북구,길음2동
103710,성동구,사근동
104116,성북구,성북동
104121,성북구,동선동
104123,성북구,정릉2동
104147,성북구,동선동
104156,성북구,정릉1동
104159,성동구,금호2·3가동
104809,성북구,정릉1동
104812,성북구,종암동
104854,성북구,삼선동
105233,성북구,종암동
105312,성동구,왕십리2동
105556,성북구,안암동
105557,성북구,종암동
105675,성동구,왕십리도선동
105677,성동구,금호2·3가동
105678,성동구,금호2·3가동
105679,성동구,옥수동
105789,성동구,옥수동
105845,성북구,동선동
106115,성동구,행당1동
106116,성북구,길음2동
106609,성동구,옥수동
106659,성북구,삼선동
106957,성북구,종암동
106970,성동구,왕십리도선동
107008,성동구,옥수동
107119,성동구,왕십리도선동
107121,성동구,왕십리도선동
107361,성북구,삼선동
107731,성동구,사근동
107874,성동구,마장동
108009,성동구,사근동
108019,성동구,사근동
108451,성북구,안암동
108462,성북구,동선동
108465,성동구,왕십리도선동
108608,성동구,금호4가동
108753,성동구,금호4가동
108960,성동구,마장동
109077,성북구,동선동
109166,성동구,행당1동
110488,성북구,동선동
111130,성북구,안암동
111208,성동구,금호2·3가동
111988,성동구,왕십리도선동
112127,성동구,왕십리도선동
113020,성동구,금호4가동
113034,성동구,행당2동
113690,성북구,안암동
114221,성동구,금호2·3가동
115079,성동구,금호2·3가동
115282,성북구,성북동
116194,성북구,종암동
116577,성북구,종암동
116653,성북구,종암동
116948,성북구,종암동
117209,성동구,금호2·3가동
117550,성북구,성북동
118657,성북구,동선동
118739,성동구,왕십리도선동
118976,성동구,옥수동
118978,성동구,행당2동
120639,성북구,종암동
120702,성동구,사근동
120798,성동구,행당1동
120805,성동구,행당1동
121223,성동구,행당2동
121928,성동구,행당2동
122069,성동구,금호4가동
122856,성동구,금호2·3가동
122861,성북구,삼선동
123714,성동구,금호2·3가동
124737,성동구,왕십리도선동
126080,성동구,왕십리도선동
126081,성동구,왕십리도선동
126086,성동구,왕십리도선동
126087,성동구,행당1동
126088,성동구,금호1가동
126089,성동구,옥수동
126090,성동구,금호2·3가동
126091,성동구,행당2동
126092,성동구,금호4가동
126231,성동구,왕십리도선동
126232,성동구,사근동
126809,성동구,사근동
126887,성동구,옥수동
126908,성동구,행당1동
127542,성동구,옥수동
128149,성동구,금호2·3가동
128868,성동구,행당2동
129227,성동구,옥수동
129620,성동구,금호2·3가동
130000,성북구,돈암2동
130071,성동구,옥수동
130147,성북구,보문동
130201,성동구,응봉동
130390,성북구,보문동
130831,성동구,행당2동
131224,성동구,옥수동
131306,성북구,동선동
131516,성동구,왕십리도선동
131517,성동구,금호1가동
131518,성동구,왕십리도선동
131519,성동구,사근동
132139,성동구,금호2·3가동
132213,성동구,금호2·3가동
132330,성동구,왕십리도선동
132373,성북구,안암동
132412,성북구,보문동
132420,성북구,동선동
132556,성동구,왕십리도선동
132920,성북구,동선동
133891,성북구,길음1동
133961,성북구,성북동
134183,성동구,옥수동
134191,성동구,옥수동
134380,성동구,사근동
135767,성동구,옥수동
135768,성동구,왕십리2동
135850,성북구,성북동
135996,성북구,길음1동
136818,성동구,옥수동
136884,성북구,성북동
136890,성북구,삼선동
136951,성동구,응봉동
136952,성동구,마장동
136953,성동구,마장동
136954,성동구,마장동
136955,성동구,마장동
136956,성동구,마장동
136957,성동구,마장동
136958,성동구,마장동
137120,성동구,금호1가동
137234,성북구,길음2동
137243,성북구,종암동
137691,성북구,종암동
137943,성북구,동선동
137944,성북구,동선동
137961,성동구,왕십리도선동
137962,성동구,마장동
138407,성북구,동선동
138516,성북구,길음2동
138769,성동구,옥수동
138780,성북구,안암동
138788,성북구,보문동
138802,성북구,안암동
139214,성동구,옥수동
139296,성동구,왕십리도선동
139383,성동구,옥수동
140122,성북구,보문동
140124,성북구,길음1동
140202,성동구,금호4가동
140274,성북구,보문동
140379,성북구,성북동
140684,성동구,사근동
140713,성북구,종암동
140732,성동구,금호4가동
140766,성동구,행당1동
141078,성북구,보문동
141085,성동구,금호4가동
141256,성동구,마장동
141909,성동구,마장동
142087,성동구,마장동
142222,성북구,동선동
143261,성북구,길음2동
143848,성동구,왕십리도선동
143864,성북구,길음2동
143865,성북구,길음1동
143868,성북구,길음2동
143869,성북구,종암동
144122,성북구,종암동
144123,성북구,종암동
144124,성북구,종암동
144127,성북구,길음2동
144212,성북구,길음1동
144278,성북구,돈암1동
144318,성북구,길음2동
144539,성북구,정릉2동
144590,성북구,길음2동
144770,성북구,성북동
144813,성북구,종암동
145205,성동구,금호2·3가동
145206,성동구,금호4가동
145250,성북구,종암동
145853,성북구,안암동
146056,성동구,행당1동
146296,성북구,정릉2동
146745,성동구,옥수동
147163,성북구,돈암2동
147549,성동구,금호2·3가동
147647,성북구,삼선동
148221,성동구,행당2동
148362,성북구,성북동
148713,성동구,금호4가동
148975,성북구,길음1동
149324,성동구,행당2동
149325,성동구,사근동
149590,성북구,안암동
149591,성북구,삼선동
149741,성동구,왕십리도선동
149804,성북구,길음2동
149837,성동구,마장동
150531,성북구,삼선동
150641,성북구,종암동
150645,성북구,안암동
150662,성동구,행당1동
150786,성북구,안암동
151230,성동구,마장동
151865,성북구,동선동
151867,성북구,종암동
152210,성동구,금호1가동
152306,성동구,금호1가동
152316,성동구,금호2·3가동
152328,성동구,왕십리도선동
152344,성동구,금호1가동
152433,성북구,길음1동
152747,성동구,사근동
152867,성북구,동선동
153183,성동구,왕십리2동
153419,성북구,안암동
153434,성북구,안암동
153635,성북구,동선동
153669,성동구,왕십리도선동
154070,성동구,행당1동
154245,성북구,안암동
154862,성북구,삼선동
155330,성북구,길음2동
155371,성북구,길음2동
155405,성동구,금호4가동
155449,성동구,왕십리도선동
156160,성동구,금호4가동
157417,성북구,돈암2동
158793,성동구,왕십리2동
158869,성동구,금호2·3가동
158870,성동구,금호2·3가동
158972,성북구,성북동
160131,성동구,행당2동
160540,성동구,금호4가동
160712,성북구,동선동
160768,성북구,성북동
161138,성동구,왕십리2동
161683,성북구,성북동
164208,성동구,사근동
164211,성북구,종암동
164212,성북구,동선동
165271,성동구,옥수동
165275,성동구,행당2동
165276,성동구,행당1동
165277,성북구,돈암1동
165278,성북구,돈암1동
165279,성북구,동선동
165280,성북구,보문동
165281,성북구,보문동
165282,성북구,삼선동
165287,성북구,성북동
165565,성북구,동선동
165701,성동구,마장동
165702,성북구,종암동
165703,성북구,동선동
166319,성동구,금호4가동
166320,성동구,응봉동
166321,성동구,행당1동
166322,성동구,행당1동
166365,성북구,길음2동
166913,성북구,보문동
167041,성북구,돈암2동
167656,성동구,옥수동
170816,성북구,종암동
171306,성북구,정릉1동
171522,성북구,동선동
173387,성북구,삼선동
173439,성북구,동선동
173670,성동구,왕십리도선동
173785,성북구,종암동
176660,성동구,금호4가동
176980,성북구,종암동
177024,성북구,보문동
177147,성동구,왕십리도선동
177743,성동구,금호2·3가동
177790,성동구,왕십리도선동
178634,성북구,동선동
179743,성북구,돈암1동
179744,성북구,종암동
180181,성북구,성북동
180574,성북구,돈암2동
180586,성동구,행당1동
180654,성동구,행당1동
180997,성동구,행당1동
181733,성동구,왕십리도선동
181734,성동구,금호1가동
181735,성동구,금호2·3가동
181736,성동구,행당1동
181737,성동구,사근동
181738,성동구,행당1동
181739,성동구,행당2동
181740,성동구,금호2·3가동
181741,성동구,금호4가동
181742,성북구,동선동
181743,성북구,보문동
181744,성북구,성북동
181745,성북구,동선동
181747,성북구,종암동
185532,성동구,금호4가동
185841,성동구,금호2·3가동
186019,성북구,종암동
186063,성북구,종암동
186220,성동구,마장동
186239,성동구,행당1동
186925,성북구,종암동
186926,성북구,종암동
186929,성북구,돈암1동
186931,성북구,종암동
186932,성북구,종암동
186934,성북구,길음1동
186935,성북구,종암동
186936,성북구,종암동
186937,성북구,길음2동
186938,성북구,돈암1동
187278,성북구,길음2동
187285,성북구,종암동
187286,성북구,길음2동
187287,성북구,종암동
187357,성북구,종암동
187358,성북구,종암동
187468,성북구,종암동
187469,성북구,종암동
187470,성북구,길음1동
187471,성북구,길음1동
187472,성북구,종암동
187473,성북구,종암동
187474,성북구,종암동
187819,성북구,종암동
187820,성북구,종암동
187821,성북구,종암동
187823,성북구,종암동
187824,성북구,종암동
188183,성북구,종암동
188184,성북구,길음2동
188185,성북구,돈암1동
188186,성북구,종암동
188187,성북구,종암동
188754,성북구,종암동
188923,성북구,종암동
188991,성북구,종암동
189156,성북구,돈암1동
189497,성북구,길음1동
189500,성북구,종암동
189525,성북구,정릉1동
189544,성북구,길음1동
189876,성북구,종암동
190039,성북구,안암동
190040,성북구,안암동
190466,성동구,금호2·3가동
191428,성동구,행당1동
191686,성북구,길음1동
191695,성북구,길음1동
191848,성북구,돈암2동
193295,성북구,종암동
193683,성북구,동선동
193684,성북구,동선동
193685,성북구,동선동
193686,성북구,안암동
193687,성북구,정릉2동
193688,성북구,종암동
193877,성북구,동선동
193878,성북구,동선동
193879,성북구,동선동
193880,성북구,안암동
193881,성북구,정릉2동
193882,성북구,종암동
194154,성북구,길음1동
194773,성동구,왕십리도선동
194829,성북구,길음2동
194837,성북구,정릉1동
194979,성동구,금호2·3가동
194980,성동구,왕십리도선동
195739,성북구,길음2동
196190,성동구,왕십리도선동
196198,성동구,왕십리도선동
196557,성북구,동선동
196907,성북구,길음2동
196908,성북구,길음2동
197553,성동구,사근동
197554,성동구,사근동
197624,성북구,종암동
197631,성북구,종암동
197791,성북구,종암동
197793,성북구,종암동
197794,성북구,길음1동
197797,성북구,종암동
197804,성북구,종암동
197888,성북구,길음1동
197892,성북구,길음2동
197899,성북구,길음2동
198466,성북구,길음2동
198467,성북구,길음2동
198468,성북구,종암동
198967,성북구,길음1동
199404,성동구,왕십리도선동
203726,성동구,왕십리도선동
206238,성북구,길음1동
206641,성동구,마장동
206841,성북구,종암동
208206,성동구,왕십리도선동
210158,성동구,사근동
210951,성북구,종암동
210989,성북구,동선동
212987,성동구,옥수동
213805,성동구,옥수동
215056,성북구,길음1동
215456,성북구,동선동
215556,성동구,응봉동
215662,성북구,동선동
215752,성동구,왕십리도선동
215790,성북구,성북동
215874,성동구,행당1동
215875,성동구,사근동
215889,성동구,마장동
215919,성동구,사근동
216003,성북구,종암동
216027,성북구,돈암2동
216683,성동구,금호2·3가동
216684,성동구,행당1동
218606,성북구,종암동
218607,성북구,종암동
219944,성북구,삼선동
220065,성북구,종암동
220823,성북구,삼선동
222406,성북구,동선동
223775,성북구,동선동
223930,성북구,삼선동
223931,성북구,보문동
223932,성북구,종암동
224287,성동구,옥수동
224386,성동구,행당1동
225232,성북구,보문동
225233,성북구,길음1동
228335,성동구,옥수동
228336,성동구,응봉동
228522,성동구,금호4가동
228523,성동구,행당1동
230281,성북구,동선동
230733,성북구,정릉2동
230833,성북구,동선동
231733,성동구,응봉동
231761,성북구,동선동
231951,성동구,사근동
231952,성동구,사근동
231953,성동구,왕십리도선동
231954,성북구,동선동
232492,성북구,길음2동
232758,성북구,동선동
233841,성북구,종암동
233915,성동구,왕십리도선동
233970,성북구,정릉1동
233994,성북구,안암동
234049,성북구,정릉1동
234054,성북구,정릉1동
234055,성북구,길음2동
234056,성북구,길음1동
234057,성북구,길음1동
234116,성북구,안암동
234117,성북구,정릉2동
234928,성북구,삼선동
234929,성북구,동선동
234930,성북구,동선동
234931,성북구,삼선동
234932,성북구,보문동
234933,성북구,삼선동
234934,성북구,동선동
234935,성북구,성북동
234936,성북구,성북동
234937,성북구,동선동
235354,성북구,동선동
235355,성북구,동선동
235356,성북구,삼선동
235357,성북구,성북동
235375,성북구,동선동
235376,성북구,동선동
235377,성북구,동선동
235378,성북구,삼선동
235379,성북구,동선동
235380,성북구,동선동
235381,성북구,성북동
235382,성북구,성북동
235452,성북구,보문동
235453,성북구,삼선동
235454,성북구,성북동
235455,성북구,동선동
235456,성북구,동선동
235457,성북구,삼선동
235466,성북구,삼선동
235467,성북구,성북동
235468,성북구,동선동
235469,성북구,성북동
235470,성북구,동선동
235471,성북구,안암동
235472,성북구,삼선동
235473,성북구,삼선동
235474,성북구,동선동
235475,성북구,삼선동
235476,성북구,성북동
235616,성북구,동선동
235617,성북구,삼선동
235633,성북구,동선동
235942,성북구,성북동
236005,성북구,보문동
236491,성북구,동선동
236669,성동구,행당1동
237784,성북구,길음1동
238259,성동구,왕십리도선동
239114,성북구,동선동
239451,성북구,동선동
241686,성북구,삼선동
241693,성북구,삼선동
242484,성북구,삼선동
242916,성동구,왕십리도선동
242917,성동구,마장동
243213,성북구,안암동
243551,성동구,금호2·3가동
244406,성북구,삼선동
244407,성북구,삼선동
244673,성북구,삼선동
248795,성동구,사근동
249204,성북구,성북동
249299,성동구,옥수동
249495,성북구,동선동
249562,성동구,행당1동
255575,성동구,마장동
256230,성동구,왕십리도선동
257468,성북구,길음1동
262453,성동구,사근동
262454,성동구,옥수동
262455,성동구,왕십리도선동
262456,성동구,왕십리도선동
262457,성동구,행당1동
262458,성동구,왕십리도선동
262459,성동구,사근동
262643,성동구,금호2·3가동
