store_id,store_name,sgg,admin_dong,last_order_at,order_cnt_3m
185532,스타벅스 금호역,성동구,금호4가동,2026-06-30T10:59:32+09:00,1272
196190,올리브영 황학사거리점,성동구,왕십리도선동,2026-06-30T10:58:06+09:00,1017
32622,홈플러스익스프레스 금호2점,성동구,금호2·3가동,2026-06-30T10:57:22+09:00,174
165565,요기요OD_성북동선지점/성북,성북구,동선동,2026-06-30T10:55:32+09:00,9303
196907,요기요OD_성북길음지점/강북도봉,성북구,길음2동,2026-06-30T10:44:32+09:00,5687
30134,올리브영 상왕십리역점,성동구,왕십리도선동,2026-06-30T10:44:05+09:00,1168
158869,올리브영 신금호역점,성동구,금호2·3가동,2026-06-30T10:34:06+09:00,2635
193683,올리브영 돈암중앙점,성북구,동선동,2026-06-30T10:24:07+09:00,518
177743,스타벅스 신금호역,성동구,금호2·3가동,2026-06-30T10:21:34+09:00,1735
66066,GS25 왕십리동진점,성동구,왕십리2동,2026-06-29T22:43:14+09:00,54
167041,CU 성북한신점,성북구,돈암2동,2026-06-29T22:28:36+09:00,6
60745,GS25 금호역점,성동구,옥수동,2026-06-29T21:31:15+09:00,41
234117,(선택)배스킨라빈스 정릉시장점,성북구,정릉2동,2026-06-29T21:24:32+09:00,200
65076,GS25 고대종암점,성북구,종암동,2026-06-29T21:23:38+09:00,56
54132,[유휴]올리브영 상왕십리역점,성동구,왕십리도선동,2026-06-29T21:21:49+09:00,414
220823,[유휴]올리브영 한성대입구역점,성북구,삼선동,2026-06-29T21:21:47+09:00,113
193879,[유휴]올리브영 성신여대입구역점,성북구,동선동,2026-06-29T21:21:44+09:00,169
158870,[유휴]올리브영 신금호역점,성동구,금호2·3가동,2026-06-29T21:21:37+09:00,1051
196198,[유휴]올리브영 황학사거리점,성동구,왕십리도선동,2026-06-29T21:21:33+09:00,387
54136,[유휴]올리브영 금호점,성동구,금호4가동,2026-06-29T21:21:27+09:00,663
262643,KFC 신금호역점,성동구,금호2·3가동,2026-06-29T21:03:48+09:00,363
180586,이마트에브리데이 행당점,성동구,행당1동,2026-06-29T20:49:53+09:00,167
42272,홈플러스익스프레스 삼선점,성북구,삼선동,2026-06-29T20:48:31+09:00,296
32623,홈플러스익스프레스 신금호점,성동구,금호2·3가동,2026-06-29T20:39:19+09:00,299
194980,세븐일레븐 왕십리텐즈힐점,성동구,왕십리도선동,2026-06-29T20:36:14+09:00,13
249299,GS더프레시 성동옥수점,성동구,옥수동,2026-06-29T20:32:05+09:00,199
193684,올리브영 돈암점,성북구,동선동,2026-06-29T20:04:05+09:00,680
30129,올리브영 금호점,성동구,금호4가동,2026-06-29T20:02:06+09:00,2012
42275,왕십리점 홈플러스익스프레스,성동구,왕십리2동,2026-06-29T19:57:24+09:00,150
165703,요기요OD_단건_성북동선지점/성북,성북구,동선동,2026-06-29T18:43:03+09:00,528
193685,올리브영 성신여대입구역점,성북구,동선동,2026-06-29T18:42:06+09:00,512
181742,(선택)배스킨라빈스 성북아리랑점,성북구,동선동,2026-06-29T18:34:47+09:00,99
197892,[월곡동]슈퍼키친(반찬상점) 1층,성북구,길음2동,2026-06-29T18:30:44+09:00,54
181737,(선택)배스킨라빈스 한양대점,성동구,사근동,2026-06-29T17:23:00+09:00,112
53575,CU 성북점,성북구,성북동,2026-06-29T16:39:27+09:00,37
142087,CU 한양사대부고점,성동구,마장동,2026-06-29T15:46:49+09:00,10
193878,[유휴]올리브영 돈암점,성북구,동선동,2026-06-29T14:23:19+09:00,245
193877,[유휴]올리브영 돈암중앙점,성북구,동선동,2026-06-29T14:22:36+09:00,218
177147,GS더프레시 성동텐즈힐점,성동구,왕십리도선동,2026-06-29T14:17:22+09:00,132
161138,GS25 금호극동점,성동구,왕십리2동,2026-06-29T14:06:56+09:00,5
148221,GS25 행당벽산점,성동구,행당2동,2026-06-29T13:23:22+09:00,82
61115,GS25 성북건영점,성북구,돈암2동,2026-06-29T13:20:42+09:00,16
191848,파리바게뜨 동소문한신점,성북구,돈암2동,2026-06-29T12:38:27+09:00,6
196908,요기요OD_단건_성북길음지점/강북도봉,성북구,길음2동,2026-06-29T12:33:03+09:00,97
233841,(선택)파리바게뜨 종암사거리점,성북구,종암동,2026-06-29T12:02:11+09:00,25
237784,[길음역]길음역라와마라탕 1층,성북구,길음1동,2026-06-29T11:11:03+09:00,65
219944,올리브영 한성대입구역점,성북구,삼선동,2026-06-29T10:25:08+09:00,398
181736,(선택)던킨도너츠 왕십리민자역사점,성동구,행당1동,2026-06-29T10:15:33+09:00,29
181741,(선택)배스킨라빈스 성동금호점,성동구,금호4가동,2026-06-28T21:55:30+09:00,120
203726,CU 상왕십리역점,성동구,왕십리도선동,2026-06-28T20:31:23+09:00,23
51418,CU 성동마장로점,성동구,마장동,2026-06-28T19:41:59+09:00,42
126809,CU 한양대후문점,성동구,사근동,2026-06-28T19:35:27+09:00,22
181739,(선택)배스킨라빈스 행당점,성동구,행당2동,2026-06-28T18:55:43+09:00,161
129620,GS25 성동금남점,성동구,금호2·3가동,2026-06-28T18:52:06+09:00,22
234054,(선택)파리바게뜨 정릉제일점,성북구,정릉1동,2026-06-28T17:27:22+09:00,51
173387,CU 성북리치점,성북구,삼선동,2026-06-28T17:19:59+09:00,3
165281,CU 보문아남점,성북구,보문동,2026-06-28T16:40:49+09:00,5
118978,슈퍼키친 행당역,성동구,행당2동,2026-06-28T16:27:26+09:00,24
95753,투썸플레이스 종암점,성북구,종암동,2026-06-28T15:19:05+09:00,17
34727,초록마을 옥수직영점,성동구,옥수동,2026-06-28T15:02:03+09:00,90
38884,CU 성동금호점,성동구,금호4가동,2026-06-28T14:13:14+09:00,41
65839,GS25 성동무학교점,성동구,왕십리도선동,2026-06-28T13:09:31+09:00,9
236669,GS25 성동샤르망점,성동구,행당1동,2026-06-28T13:04:55+09:00,11
238259,파리바게뜨 왕십리무학점,성동구,왕십리도선동,2026-06-28T12:51:16+09:00,16
181733,(선택)파리바게뜨 왕십리무학점,성동구,왕십리도선동,2026-06-28T12:48:15+09:00,9
181744,(선택)배스킨라빈스 한성대입구역점,성북구,성북동,2026-06-28T11:44:18+09:00,84
181743,(선택)배스킨라빈스 보문역점,성북구,보문동,2026-06-28T11:40:51+09:00,80
234049,(선택)파리바게뜨 정릉대림점,성북구,정릉1동,2026-06-28T11:40:15+09:00,6
117550,즉) 아리따움 한성대점,성북구,성북동,2026-06-28T11:03:45+09:00,22
65841,GS25 성북동진점,성북구,종암동,2026-06-28T10:51:32+09:00,56
97404,파리바게뜨 마장역점,성동구,마장동,2026-06-28T10:37:48+09:00,14
37420,CU 왕십리텐즈힐점,성동구,왕십리도선동,2026-06-27T22:18:02+09:00,24
95461,GS25 성북한성점,성북구,성북동,2026-06-27T21:31:16+09:00,5
35690,홈플러스익스프레스 옥수점,성동구,옥수동,2026-06-27T21:00:36+09:00,97
36658,CU 행당대림점,성동구,행당2동,2026-06-27T20:40:02+09:00,17
138769,CU 옥수극동점,성동구,옥수동,2026-06-27T20:28:39+09:00,15
56423,GS25 왕십리청계천점,성동구,왕십리도선동,2026-06-27T19:11:43+09:00,8
76910,CU 금호래미안점,성동구,금호2·3가동,2026-06-27T19:10:59+09:00,16
154862,GS25 성북구청점,성북구,삼선동,2026-06-27T18:33:16+09:00,60
233915,(선택)배스킨라빈스 왕십리센트라스점,성동구,왕십리도선동,2026-06-27T16:07:27+09:00,57
152747,GS25 한양제일점,성동구,사근동,2026-06-27T14:45:04+09:00,23
60746,GS25 옥수상떼뷰점,성동구,옥수동,2026-06-27T11:48:49+09:00,14
181747,(선택)배스킨라빈스 성북종암점,성북구,종암동,2026-06-26T19:48:49+09:00,152
53499,CU 동소문중앙점,성북구,동선동,2026-06-26T19:45:31+09:00,15
257468,[길음역]치킨매니아플러스 길음점,성북구,길음1동,2026-06-26T19:36:19+09:00,24
212987,CU 옥수래미안리버젠점,성동구,옥수동,2026-06-26T19:30:52+09:00,9
23963,파리바게뜨 한성대역점,성북구,성북동,2026-06-26T16:56:12+09:00,23
228336,CU 응봉사랑점,성동구,응봉동,2026-06-26T15:29:43+09:00,10
83936,혜성한의원(금호점),성동구,금호4가동,2026-06-26T14:19:15+09:00,17
234055,(선택)파리바게뜨 길음동부점,성북구,길음2동,2026-06-26T11:08:10+09:00,9
53573,CU 성북삼선교점,성북구,삼선동,2026-06-25T19:32:40+09:00,31
118739,슈퍼키친 상왕십리,성동구,왕십리도선동,2026-06-25T18:07:43+09:00,13
99998,파리바게뜨 한양대학교병원점,성동구,사근동,2026-06-24T19:06:59+09:00,5
56033,GS25 왕십리무학봉점,성동구,왕십리2동,2026-06-24T18:19:17+09:00,16
64859,세븐일레븐 한양대타운점,성동구,사근동,2026-06-24T14:38:05+09:00,14
54384,뚜레쥬르 금호역점,성동구,금호2·3가동,2026-06-23T20:52:13+09:00,38
59080,GS25 보문역점,성북구,보문동,2026-06-23T18:27:10+09:00,39
191428,(선택)파리바게뜨 왕십리역사점,성동구,행당1동,2026-06-23T17:53:17+09:00,27
243551,슈퍼키친 신금호역점,성동구,금호2·3가동,2026-06-23T13:07:49+09:00,16
61141,GS25 성신사랑점,성북구,동선동,2026-06-22T18:55:05+09:00,23
61137,GS25 종암타운점,성북구,종암동,2026-06-22T18:07:42+09:00,6
24112,파리바게뜨 동소문점,성북구,동선동,2026-06-22T17:21:50+09:00,10
33132,파리바게뜨 응봉점,성동구,응봉동,2026-06-21T20:38:15+09:00,22
60739,GS25 사근본점,성동구,사근동,2026-06-21T15:51:04+09:00,7
24399,파리바게뜨 왕십리텐즈힐점,성동구,왕십리도선동,2026-06-21T13:33:32+09:00,3
248795,빽다방 한양대점,성동구,사근동,2026-06-21T09:19:25+09:00,8
87761,GS25 동소문타운점,성북구,동선동,2026-06-20T23:19:08+09:00,23
87752,GS25 동소문제일점,성북구,삼선동,2026-06-20T21:31:18+09:00,17
198466,CU 길음센터피스점,성북구,길음2동,2026-06-20T20:22:58+09:00,1
181745,(선택)배스킨라빈스 성신여대점,성북구,동선동,2026-06-20T20:20:47+09:00,70
66262,GS25 종암파크점,성북구,종암동,2026-06-19T20:16:01+09:00,5
228523,CU 행당삼부소월점,성동구,행당1동,2026-06-19T19:18:11+09:00,5
255575,GS25 마장세림점,성동구,마장동,2026-06-18T20:01:44+09:00,9
126087,CU 행당레몬점,성동구,행당1동,2026-06-18T19:48:34+09:00,4
166321,CU 왕십리큐브스테이트점,성동구,행당1동,2026-06-18T15:48:49+09:00,10
67216,CU 왕십리KCC점,성동구,왕십리2동,2026-06-17T20:26:43+09:00,7
65802,GS25 서울숲푸르지오점,성동구,금호4가동,2026-06-17T19:51:00+09:00,10
181735,(선택)파리바게뜨 신금호역점,성동구,금호2·3가동,2026-06-16T16:47:01+09:00,14
38767,파리바게뜨 종암점,성북구,종암동,2026-06-16T16:32:29+09:00,13
97054,[길음뉴타운]뚜레쥬르 길음뉴타운,성북구,길음1동,2026-06-16T15:27:19+09:00,12
60744,GS25 왕십리도선점,성동구,왕십리도선동,2026-06-15T13:12:13+09:00,1
233994,(선택)파리바게뜨 안암역점,성북구,안암동,2026-06-13T19:15:08+09:00,8
24206,파리바게뜨 성동구민회관점,성동구,행당1동,2026-06-13T11:46:37+09:00,28
65147,GS25 길음역점,성북구,길음1동,2026-06-11T13:42:51+09:00,2
41562,CU 금호동3가점,성동구,금호2·3가동,2026-06-10T13:53:01+09:00,11
118976,슈퍼키친 옥수역,성동구,옥수동,2026-06-09T13:44:17+09:00,33
53569,CU 성동행당점,성동구,행당1동,2026-06-07T14:16:02+09:00,1
158972,CU 동소문본점,성북구,성북동,2026-06-06T15:58:46+09:00,3
216683,GS25 신금호역점,성동구,금호2·3가동,2026-06-06T13:07:21+09:00,3
151230,GS25 마장힐스점,성동구,마장동,2026-05-31T18:27:14+09:00,9
234057,(선택)파리바게뜨 길음역점,성북구,길음1동,2026-05-30T14:34:49+09:00,3
56455,GS25 중앙병원점,성북구,종암동,2026-05-21T15:35:34+09:00,6
67218,CU 도선공원점,성동구,왕십리도선동,2026-05-20T20:03:14+09:00,10
126090,CU 신금호파크자이점,성동구,금호2·3가동,2026-05-15T21:54:11+09:00,1
95457,GS25 성북보문점,성북구,보문동,2026-05-13T21:52:11+09:00,7
165280,CU 성북보문점,성북구,보문동,2026-05-10T16:10:55+09:00,1
160540,CU 금호사거리점,성동구,금호4가동,2026-05-09T15:15:21+09:00,3
53570,CU 성북로데오점,성북구,동선동,2026-05-08T19:41:21+09:00,8
38887,CU 마장서울점,성동구,마장동,2026-05-06T19:47:08+09:00,1
53500,CU 동소문태양점,성북구,성북동,2026-05-05T13:30:25+09:00,2
51209,CU 금호한신점,성동구,금호2·3가동,2026-04-27T19:59:31+09:00,1
90993,세븐일레븐 성북돈암초교점,성북구,동선동,2026-04-19T16:32:55+09:00,2
75515,세븐일레븐 마장하영점,성동구,마장동,2026-04-17T20:06:13+09:00,1
48790,맥도날드 종암SK점,성북구,종암동,2026-04-15T15:52:12+09:00,2
126086,CU 성동벽산점,성동구,왕십리도선동,2026-04-14T15:11:45+09:00,3
233970,(선택)파리바게뜨 정릉서경점,성북구,정릉1동,2026-04-13T10:48:10+09:00,1
148362,이마트에브리데이 성북동점,성북구,성북동,2026-04-07T10:33:15+09:00,8
